Model,Type,Name,SecondaryName,Population,HasStratification,NumFlows,FlowTypes,Source,Confidence,Notes,Target,FlowType,Rate,HasStratumSpecificRates,Description,ParameterType,Value,Unit,Category,Values
Cholera1,Compartment,Susceptible,,0,False,1.0,RateFlow,Model file,Certain,,,,,,,,,,,
Cholera1,Compartment,Infectious,,0,False,2.0,RateFlow,Model file,Certain,,,,,,,,,,,
Cholera1,Compartment,Recovered humans,,0,False,0.0,None,Model file,Certain,,,,,,,,,,,
Cholera1,Compartment,Chollerae bacterial concentration,,0,False,0.0,None,Model file,Certain,,,,,,,,,,,
Cholera1,Flow,,,,,,,Model file,Certain,,Infectious,RateFlow,//@parameters.5,False,,,,,,
Cholera1,Flow,,,,,,,Model file,Certain,,Recovered humans,RateFlow,//@parameters.4,False,,,,,,
Cholera1,Flow,,,,,,,Model file,Certain,,Chollerae bacterial concentration,RateFlow,//@parameters.2,False,,,,,,
Cholera1,Parameter,β,,,,,,Model file,Certain,,,,,,Constant influx,CONSTANT,0.00316,1/days,,
Cholera1,Parameter,κ,,,,,,Model file,Certain,,,,,,Natural death rate Humans,CONSTANT,3.16e5,1cell/mL,,
Cholera1,Parameter,ξ,,,,,,Model file,Certain,,,,,,Natural death rate Mosquito,CONSTANT,0.316,1/time,,
Cholera1,Parameter,δ,,,,,,Model file,Certain,,,,,,human infection rate,CONSTANT,0.04545,days,,
Cholera1,Parameter,γ,,,,,,Model file,Certain,,,,,,Probability an exposed host becomes symptomatic,CONSTANT,0.11834 ,days,,
Cholera1,Parameter,β * κ,,,,,,Model file,Certain,,,,,,Probability an exposed host becomes asymptomatic,EXPRESSION,β * κ,1/time,,
Cholera2,Compartment,Susceptible adults,,8800000,False,3.0,RateFlow,Model file,Certain,,,,,,,,,,,
Cholera2,Compartment,Susceptible children under 5,,1200000,False,3.0,RateFlow,Model file,Certain,,,,,,,,,,,
Cholera2,Compartment,Vaccinated adults (two doses),,0,False,2.0,RateFlow,Model file,Certain,,,,,,,,,,,
Cholera2,Compartment,Vaccinated children under 5 (two doses),,0,False,2.0,RateFlow,Model file,Certain,,,,,,,,,,,
Cholera2,Compartment,Vaccinated adults (one dose),,0,False,2.0,RateFlow,Model file,Certain,,,,,,,,,,,
Cholera2,Compartment,Vaccinated children under 5 (one dose),,0,False,2.0,RateFlow,Model file,Certain,,,,,,,,,,,
Cholera2,Compartment,Exposed / recently infected,,10,False,2.0,RateFlow,Model file,Certain,,,,,,,,,,,
Cholera2,Compartment,Symptomatic infectious,,3,False,2.0,RateFlow,Model file,Certain,,,,,,,,,,,
Cholera2,Compartment,Asymptomatic infectious,,7,False,2.0,RateFlow,Model file,Certain,,,,,,,,,,,
Cholera2,Compartment,Environmental Vibrio cholerae reservoir,,1,False,0.0,None,Model file,Certain,,,,,,,,,,,
Cholera2,Compartment,Recovered / naturally immune,,1000,False,1.0,RateFlow,Model file,Certain,,,,,,,,,,,
Cholera2,Flow,,,,,,,Model file,Certain,,Exposed / recently infected,RateFlow,//@parameters.0,False,Adult infection through environmental exposure to Vibrio cholerae reservoir,,,,,
Cholera2,Flow,,,,,,,Model file,Certain,,Vaccinated adults (two doses),RateFlow,//@parameters.9,False,Vaccination campaign: adults receiving two OCV doses,,,,,
Cholera2,Flow,,,,,,,Model file,Certain,,Vaccinated adults (one dose),RateFlow,//@parameters.10,False,Vaccination campaign: adults receiving one OCV dose,,,,,
Cholera2,Flow,,,,,,,Model file,Certain,,Exposed / recently infected,RateFlow,//@parameters.1,False,Child infection through environmental exposure; vaccine efficacy is lower for children under 5,,,,,
Cholera2,Flow,,,,,,,Model file,Certain,,Vaccinated children under 5 (two doses),RateFlow,//@parameters.9,False,Vaccination campaign: children receiving two OCV doses,,,,,
Cholera2,Flow,,,,,,,Model file,Certain,,Vaccinated children under 5 (one dose),RateFlow,//@parameters.10,False,Vaccination campaign: children receiving one OCV dose,,,,,
Cholera2,Flow,,,,,,,Model file,Certain,,Exposed / recently infected,RateFlow,//@parameters.2,False,Breakthrough infection in adults after two-dose vaccination,,,,,
Cholera2,Flow,,,,,,,Model file,Certain,,Susceptible adults,RateFlow,//@parameters.11,False,Waning of two-dose adult vaccine protection,,,,,
Cholera2,Flow,,,,,,,Model file,Certain,,Exposed / recently infected,RateFlow,//@parameters.3,False,Breakthrough infection in children after two-dose vaccination; reduced protection relative to adults,,,,,
Cholera2,Flow,,,,,,,Model file,Certain,,Susceptible children under 5,RateFlow,//@parameters.11,False,Waning of two-dose child vaccine protection,,,,,
Cholera2,Flow,,,,,,,Model file,Certain,,Exposed / recently infected,RateFlow,//@parameters.4,False,Breakthrough infection in adults after one-dose vaccination,,,,,
Cholera2,Flow,,,,,,,Model file,Certain,,Susceptible adults,RateFlow,//@parameters.12,False,Loss of one-dose protection after the first year,,,,,
Cholera2,Flow,,,,,,,Model file,Certain,,Exposed / recently infected,RateFlow,//@parameters.5,False,Breakthrough infection in children after one-dose vaccination,,,,,
Cholera2,Flow,,,,,,,Model file,Certain,,Susceptible children under 5,RateFlow,//@parameters.12,False,Loss of one-dose protection after the first year,,,,,
Cholera2,Flow,,,,,,,Model file,Certain,,Symptomatic infectious,RateFlow,//@parameters.6,False,Fraction progressing to symptomatic infectious cholera,,,,,
Cholera2,Flow,,,,,,,Model file,Certain,,Asymptomatic infectious,RateFlow,//@parameters.7,False,Fraction progressing to asymptomatic infectious cholera,,,,,
Cholera2,Flow,,,,,,,Model file,Certain,,Recovered / naturally immune,RateFlow,//@parameters.8,False,Recovery from symptomatic infection,,,,,
Cholera2,Flow,,,,,,,Model file,Certain,,Environmental Vibrio cholerae reservoir,RateFlow,//@parameters.14,False,Shedding of Vibrio cholerae into environmental reservoir from symptomatic cases,,,,,
Cholera2,Flow,,,,,,,Model file,Certain,,Recovered / naturally immune,RateFlow,//@parameters.8,False,Recovery from asymptomatic infection,,,,,
Cholera2,Flow,,,,,,,Model file,Certain,,Environmental Vibrio cholerae reservoir,RateFlow,//@parameters.15,False,Environmental shedding from asymptomatic infections (lower than symptomatic),,,,,
Cholera2,Flow,,,,,,,Model file,Certain,,Susceptible adults,RateFlow,//@parameters.13,False,Waning of natural immunity in adults/mixed national population,,,,,
Cholera2,Parameter,βA,,,,,,Model file,Certain,,,,,,Adult environmental transmission/contact rate,CONSTANT,0.35,1/week,,
Cholera2,Parameter,βC,,,,,,Model file,Certain,,,,,,Child environmental transmission/contact rate,CONSTANT,0.35,1/week,,
Cholera2,Parameter,βA_2dose,,,,,,Model file,Certain,,,,,,Breakthrough transmission rate for adults after two doses,EXPRESSION,βA * (1 - VE2A),1/week,,
Cholera2,Parameter,βC_2dose,,,,,,Model file,Certain,,,,,,Breakthrough transmission rate for children under 5 after two doses,EXPRESSION,βC * (1 - VE2C),1/week,,
Cholera2,Parameter,βA_1dose,,,,,,Model file,Certain,,,,,,Breakthrough transmission rate for adults after one dose,EXPRESSION,βA * (1 - VE1A),1/week,,
Cholera2,Parameter,βC_1dose,,,,,,Model file,Certain,,,,,,Breakthrough transmission rate for children under 5 after one dose,EXPRESSION,βC * (1 - VE1C),1/week,,
Cholera2,Parameter,σ*k,,,,,,Model file,Certain,,,,,,Progression from exposure to symptomatic infection,CONSTANT,0.14,1/week,,
Cholera2,Parameter,(1-σ)*k,,,,,,Model file,Certain,,,,,,Progression from exposure to asymptomatic infection,CONSTANT,0.21,1/week,,
Cholera2,Parameter,γ,,,,,,Model file,Certain,,,,,,Recovery rate from infectious cholera,CONSTANT,0.5,1/week,,
Cholera2,Parameter,ν2,,,,,,Model file,Certain,,,,,,Campaign vaccination rate into two-dose classes; scenario-dependent rollout parameter,CONSTANT,0.015,1/week,,
Cholera2,Parameter,ν1,,,,,,Model file,Certain,,,,,,Campaign vaccination rate into one-dose classes; scenario-dependent rollout parameter,CONSTANT,0.002,1/week,,
Cholera2,Parameter,ω2,,,,,,Model file,Certain,,,,,,Waning rate of two-dose protection; approximately 5-year horizon,CONSTANT,0.00385,1/week,,
Cholera2,Parameter,ω1,,,,,,Model file,Certain,,,,,,Waning rate of one-dose protection; protection assumed lost after about 1 year,CONSTANT,0.01923,1/week,,
Cholera2,Parameter,ωR,,,,,,Model file,Certain,,,,,,Waning rate of natural immunity,CONSTANT,0.01,1/week,,
Cholera2,Parameter,ξS,,,,,,Model file,Certain,,,,,,Shedding rate from symptomatic infectious individuals into environmental reservoir,CONSTANT,0.8,1/week,,
Cholera2,Parameter,ξA,,,,,,Model file,Certain,,,,,,Shedding rate from asymptomatic infectious individuals into environmental reservoir,CONSTANT,0.2,1/week,,
Cholera2,Parameter,ΛA,,,,,,Model file,Certain,,,,,,Recruitment rate into adult susceptible class,CONSTANT,2500,persons/week,,
Cholera2,Parameter,ΛC,,,,,,Model file,Certain,,,,,,Recruitment rate into child susceptible class,CONSTANT,800,persons/week,,
Cholera2,Parameter,μ,,,,,,Model file,Certain,,,,,,Natural mortality rate,CONSTANT,0.00023,1/week,,
Cholera2,Parameter,δ,,,,,,Model file,Certain,,,,,,Disease-induced death rate for symptomatic cholera,CONSTANT,0.002,1/week,,
Cholera2,Parameter,μB,,,,,,Model file,Certain,,,,,,Environmental bacterial decay rate,CONSTANT,0.6,1/week,,
Cholera2,Parameter,VE2A,,,,,,Model file,Certain,,,,,,Initial effectiveness of two-dose OCV in adults,CONSTANT,0.76,dimensionless,,
Cholera2,Parameter,VE2C,,,,,,Model file,Certain,,,,,,"Two-dose vaccine effectiveness in children under 5, scaled as 46.9% of adult protection",EXPRESSION,0.469 * VE2A,dimensionless,,
Cholera2,Parameter,VE1A,,,,,,Model file,Certain,,,,,,"One-dose adult protection during the first year, assumed equal initially to two-dose protection",CONSTANT,0.76,dimensionless,,
Cholera2,Parameter,VE1C,,,,,,Model file,Certain,,,,,,One-dose protection in children under 5 during the first year,EXPRESSION,0.469 * VE1A,dimensionless,,
Cholera3,Compartment,Susceptible,,9999,False,1.0,RateFlow,Model file,Certain,,,,,,,,,,,
Cholera3,Compartment,Infected,,1,False,1.0,RateFlow,Model file,Certain,,,,,,,,,,,
Cholera3,Compartment,Aquatic toxigenic Vibrio cholerae,,0,False,0.0,None,Model file,Certain,,,,,,,,,,,
Cholera3,Flow,,,,,,,Model file,Certain,,Infected,RateFlow,//@parameters.2,False,Environmental infection S→I through exposure to contaminated water; paper incidence uses a * B / (K + B),,,,,
Cholera3,Flow,,,,,,,Model file,Certain,,Aquatic toxigenic Vibrio cholerae,RateFlow,//@parameters.7,False,Human shedding into aquatic reservoir: I contributes e units of toxigenic V. cholerae to B,,,,,
Cholera3,Parameter,nH,,,,,,Model file,Certain,,,,,,"Renewal into susceptible population; with constant human population H, influx is nH",EXPRESSION,n * H,persons/day,,
Cholera3,Parameter,n,,,,,,Model file,Certain,,,,,,Human birth and death rate,CONSTANT,0.0001,1/day,,
Cholera3,Parameter,a,,,,,,Model file,Certain,,,,,,Rate of exposure to contaminated water (used in dose-dependent infection term a * B / (K + B)),CONSTANT,1,1/day,,
Cholera3,Parameter,K,,,,,,Model file,Certain,,,,,,Concentration of V. cholerae in water giving 50% chance of infection,CONSTANT,1e6,cells/mL,,
Cholera3,Parameter,r,,,,,,Model file,Certain,,,,,,Recovery rate from cholera,CONSTANT,0.2,1/day,,
Cholera3,Parameter,nb,,,,,,Model file,Certain,,,,,,Growth rate of V. cholerae in the aquatic environment,CONSTANT,0,1/day,,
Cholera3,Parameter,mb,,,,,,Model file,Certain,,,,,,Loss rate of V. cholerae in the aquatic environment,CONSTANT,0.33,1/day,,
Cholera3,Parameter,e,,,,,,Model file,Certain,,,,,,Contribution of each infected person to aquatic V. cholerae concentration,CONSTANT,10,cells/mL/day/person,,
Cholera3,Parameter,mb-nb,,,,,,Model file,Certain,,,,,,Net bacterial loss rate in water; exact B sink term when mb > nb,EXPRESSION,mb - nb,1/day,,
Cholera3,Parameter,H,,,,,,Model file,Certain,,,,,,Total human population,CONSTANT,10000,persons,,
Covid1,Compartment,Susceptible,,14700000,True,2.0,RateFlow,Model file,Certain,,,,,,,,,,,
Covid1,Compartment,Exposed,,5000,True,1.0,RateFlow,Model file,Certain,,,,,,,,,,,
Covid1,Compartment,Exposed,quarantined,1000,True,1.0,RateFlow,Model file,Certain,,,,,,,,,,,
Covid1,Compartment,Infectious,presymptomatic,3000,True,2.0,RateFlow,Model file,Certain,,,,,,,,,,,
Covid1,Compartment,Infectious,"presymptomatic, isolated",1000,True,2.0,RateFlow,Model file,Certain,,,,,,,,,,,
Covid1,Compartment,Infectious,mild to moderate,8000,True,2.0,RateFlow,Model file,Certain,,,,,,,,,,,
Covid1,Compartment,Infectious,severe,2000,True,1.0,RateFlow,Model file,Certain,,,,,,,,,,,
Covid1,Compartment,Infectious,"mild to moderate, isolated",4000,True,1.0,RateFlow,Model file,Certain,,,,,,,,,,,
Covid1,Compartment,Infectious,"severe, isolated",800,True,1.0,RateFlow,Model file,Certain,,,,,,,,,,,
Covid1,Compartment,Isolated,,6000,True,1.0,RateFlow,Model file,Certain,,,,,,,,,,,
Covid1,Compartment,Recovered,,50000,True,0.0,None,Model file,Certain,,,,,,,,,,,
Covid1,Compartment,Admitted to hospital,,1500,True,2.0,RateFlow,Model file,Certain,,,,,,,,,,,
Covid1,Compartment,ICU,,400,True,2.0,RateFlow,Model file,Certain,,,,,,,,,,,
Covid1,Compartment,Admitted to hospital,post-ICU,200,True,1.0,RateFlow,Model file,Certain,,,,,,,,,,,
Covid1,Compartment,COVID Deaths,,100,True,0.0,None,Model file,Certain,,,,,,,,,,,
Covid1,Flow,,,,,,,Model file,Certain,,Exposed,RateFlow,0.00001,True,Exposure (community transmission),,,,,
Covid1,Flow,,,,,,,Model file,Certain,,Exposed (quarantined),RateFlow,0.000002,True,Exposure with quarantine measures,,,,,
Covid1,Flow,,,,,,,Model file,Certain,,Infectious (presymptomatic),RateFlow,0.4,True,Progression to presymptomatic infectious,,,,,
Covid1,Flow,,,,,,,Model file,Certain,,"Infectious (presymptomatic, isolated)",RateFlow,0.4,True,Progression to presymptomatic isolated,,,,,
Covid1,Flow,,,,,,,Model file,Certain,,Infectious (mild to moderate),RateFlow,0.85,True,Mild to moderate symptoms,,,,,
Covid1,Flow,,,,,,,Model file,Certain,,Infectious (severe),RateFlow,0.15,True,Severe symptoms,,,,,
Covid1,Flow,,,,,,,Model file,Certain,,"Infectious (mild to moderate, isolated)",RateFlow,0.85,True,Mild to moderate isolated,,,,,
Covid1,Flow,,,,,,,Model file,Certain,,"Infectious (severe, isolated)",RateFlow,0.15,True,Severe isolated,,,,,
Covid1,Flow,,,,,,,Model file,Certain,,Isolated,RateFlow,0.5,False,Detection and isolation,,,,,
Covid1,Flow,,,,,,,Model file,Certain,,Recovered,RateFlow,0.167,False,Recovery,,,,,
Covid1,Flow,,,,,,,Model file,Certain,,Admitted to hospital,RateFlow,0.167,False,Hospital admission,,,,,
Covid1,Flow,,,,,,,Model file,Certain,,Recovered,RateFlow,0.167,False,Recovery,,,,,
Covid1,Flow,,,,,,,Model file,Certain,,Admitted to hospital,RateFlow,0.167,False,Hospital admission,,,,,
Covid1,Flow,,,,,,,Model file,Certain,,Recovered,RateFlow,0.167,False,Recovery,,,,,
Covid1,Flow,,,,,,,Model file,Certain,,Recovered,RateFlow,0.74,True,Recovery from hospital,,,,,
Covid1,Flow,,,,,,,Model file,Certain,,ICU,RateFlow,0.26,True,ICU admission,,,,,
Covid1,Flow,,,,,,,Model file,Certain,,Admitted to hospital (post-ICU),RateFlow,0.6,True,Recovery to post-ICU,,,,,
Covid1,Flow,,,,,,,Model file,Certain,,COVID Deaths,RateFlow,0.4,True,Death from COVID,,,,,
Covid1,Flow,,,,,,,Model file,Certain,,Recovered,RateFlow,0.048,False,Recovery post-ICU,,,,,
Covid1,Stratification,AgeGroup,,,,,,Model file,Certain,,,,,,Age-based population stratification with realistic COVID-19 characteristics,,,,Group,"0-17, 18-64, 65+"
Covid1,Stratification,AgeStratification,,,,,,Model file,Certain,,,,,,Age-based compartment stratification,,,,Product,//@groups.0
Covid2,Compartment,Susceptible,,1400049995,False,1.0,RateFlow,Model file,Certain,,,,,,,,,,,
Covid2,Compartment,Exposed,,0,False,1.0,RateFlow,Model file,Certain,,,,,,,,,,,
Covid2,Compartment,Infectious,,5,False,1.0,RateFlow,Model file,Certain,,,,,,,,,,,
Covid2,Compartment,Removed,,0,False,0.0,None,Model file,Certain,,,,,,,,,,,
Covid2,Flow,,,,,,,Model file,Certain,,Exposed,RateFlow,//@parameters.8,False,"S to E infection flow driven by infectious individuals; corresponds to c * S * I / N, with contact rate modified by NPIs",,,,,
Covid2,Flow,,,,,,,Model file,Certain,,Infectious,RateFlow,//@parameters.3,False,Progression from exposed to infectious at rate epsilon = 1 / incubation period,,,,,
Covid2,Flow,,,,,,,Model file,Certain,,Removed,RateFlow,//@parameters.6,False,Removal from transmission at rate r; in the paper Removed includes recovery and effective isolation/detection,,,,,
Covid2,Parameter,N,,,,,,Model file,Certain,,,,,,Approximate total mainland China population represented in the aggregated SEIR abstraction,CONSTANT,1400050000,persons,,
Covid2,Parameter,R0,,,,,,Model file,Certain,,,,,,Baseline reproduction number used by the paper for the early Wuhan outbreak,CONSTANT,2.2,dimensionless,,
Covid2,Parameter,incubationPeriod,,,,,,Model file,Certain,,,,,,Average incubation period from the paper,CONSTANT,5.2,days,,
Covid2,Parameter,epsilon,,,,,,Model file,Certain,,,,,,Rate of progression from exposed to infectious,EXPRESSION,1 / incubationPeriod,1/day,,
Covid2,Parameter,infectiousPeriod,,,,,,Model file,Certain,,,,,,Average infectious period proxy based on onset-to-isolation timing used before strong interventions,CONSTANT,5.8,days,,
Covid2,Parameter,baseRemovalRate,,,,,,Model file,Certain,,,,,,Baseline removal/isolation rate before time-varying improvements,EXPRESSION,1 / infectiousPeriod,1/day,,
Covid2,Parameter,r,,,,,,Model file,Certain,,,,,,Effective removal rate under NPIs; higher values represent earlier detection and isolation,EXPRESSION,baseRemovalRate * detectionIsolationMultiplier,1/day,,
Covid2,Parameter,baseContactRate,,,,,,Model file,Certain,,,,,,"Baseline daily contact-transmission rate c derived from R0 divided by infectious period, following the paper",EXPRESSION,R0 / infectiousPeriod,1/day,,
Covid2,Parameter,c,,,,,,Model file,Certain,,,,,,Effective contact rate under NPIs and social distancing,EXPRESSION,baseContactRate * contactReductionMultiplier,1/day,,
Covid2,Parameter,mobilityRestrictionMultiplier,,,,,,Model file,Certain,,,,,,Inter-city mobility scaling factor retained for semantic fidelity to the paper's travel network layer; 1 means no extra scaling in this single-population abstraction,CONSTANT,1,dimensionless,,
Covid2,Parameter,contactReductionMultiplier,,,,,,Model file,Certain,,,,,,Scales transmission-relevant contacts under social distancing; values below 1 represent contact reduction,CONSTANT,0.4,dimensionless,,
Covid2,Parameter,detectionIsolationMultiplier,,,,,,Model file,Certain,,,,,,Scales removal rate under improved case detection and isolation; values above 1 represent faster removal from transmission,CONSTANT,1.9,dimensionless,,
Covid2,Parameter,initialSeed,,,,,,Model file,Certain,,,,,,"Initial infected individuals in Wuhan used by the paper on December 1, 2019",CONSTANT,5,persons,,
Covid3,Compartment,Susceptible,,740999999,False,1.0,RateFlow,Model file,Certain,,,,,,,,,,,
Covid3,Compartment,Infected,,1,False,2.0,RateFlow,Model file,Certain,,,,,,,,,,,
Covid3,Compartment,Removed,,0,False,0.0,None,Model file,Certain,,,,,,,,,,,
Covid3,Compartment,Dead,,0,False,0.0,None,Model file,Certain,,,,,,,,,,,
Covid3,Flow,,,,,,,Model file,Certain,,Infected,RateFlow,//@parameters.10,False,Approximate infection process driven by effective reproduction under interventions; paper models infections through Rt and generation-time renewal rather than explicit compartmental force of infection,,,,,
Covid3,Flow,,,,,,,Model file,Certain,,Removed,RateFlow,//@parameters.12,False,Resolution / removal from infectiousness; included as a compartmental approximation because the paper models infections implicitly rather than with explicit recovery transitions,,,,,
Covid3,Flow,,,,,,,Model file,Certain,,Dead,RateFlow,//@parameters.13,False,Fatal progression from latent infections to observed deaths; approximates the paper's infection-to-death linkage,,,,,
Covid3,Parameter,Population11Countries,,,,,,Model file,Certain,,,,,,Approximate combined population of the 11 European countries analysed in the paper,CONSTANT,741000000,persons,,
Covid3,Parameter,InitialRt,,,,,,Model file,Certain,,,,,,Average initial reproduction number estimated across the 11 countries before interventions,CONSTANT,3.8,dimensionless,,
Covid3,Parameter,GenerationIntervalDays,,,,,,Model file,Certain,,,,,,Representative generation interval placeholder retained for semantic fidelity to the renewal-process model,CONSTANT,6.5,days,,
Covid3,Parameter,BaseTransmissionRate,,,,,,Model file,Certain,,,,,,Compartmental approximation of transmission intensity derived from initial Rt,EXPRESSION,InitialRt / GenerationIntervalDays,1/day,,
Covid3,Parameter,PublicEventsBanEffect,,,,,,Model file,Certain,,,,,,Relative multiplier for public-events-ban effect on transmission; paper found non-lockdown intervention effects hard to identify separately,CONSTANT,1.0,dimensionless,,
Covid3,Parameter,SchoolClosureEffect,,,,,,Model file,Certain,,,,,,Relative multiplier for school-closure effect on transmission,CONSTANT,1.0,dimensionless,,
Covid3,Parameter,SelfIsolationEffect,,,,,,Model file,Certain,,,,,,Relative multiplier for case-based self-isolation effect on transmission,CONSTANT,1.0,dimensionless,,
Covid3,Parameter,SocialDistancingEffect,,,,,,Model file,Certain,,,,,,Relative multiplier for encouraged social distancing effect on transmission,CONSTANT,1.0,dimensionless,,
Covid3,Parameter,LockdownEffect,,,,,,Model file,Certain,,,,,,"Approximate remaining transmission multiplier under lockdown, corresponding to about 81 percent reduction in Rt reported in the paper",CONSTANT,0.19,dimensionless,,
Covid3,Parameter,CombinedInterventionMultiplier,,,,,,Model file,Certain,,,,,,Combined multiplicative effect of interventions on transmission,EXPRESSION,PublicEventsBanEffect * SchoolClosureEffect * SelfIsolationEffect * SocialDistancingEffect * LockdownEffect,dimensionless,,
Covid3,Parameter,EffectiveTransmissionRate,,,,,,Model file,Certain,,,,,,Effective transmission rate after interventions in the compartmental approximation,EXPRESSION,BaseTransmissionRate * CombinedInterventionMultiplier,1/day,,
Covid3,Parameter,MeanOutcomeDelayDays,,,,,,Model file,Certain,,,,,,Representative delay scale retained to approximate progression from infection to outcome in a simple compartmental form,CONSTANT,18,days,,
Covid3,Parameter,RemovalRate,,,,,,Model file,Certain,,,,,,Approximate non-fatal resolution rate from infected to removed,EXPRESSION,1 / MeanOutcomeDelayDays,1/day,,
Covid3,Parameter,DeathRate,,,,,,Model file,Certain,,,,,,Small fatal transition rate used only to preserve explicit death outcome structure in this approximation; the paper infers deaths from convolution with infection-to-death distribution rather than direct compartmental death flow,CONSTANT,0.005,1/day,,
Dengue1,Compartment,Susceptible humans,,0,False,1.0,RateFlow,Model file,Certain,,,,,,,,,,,
Dengue1,Compartment,Exposed humans,,0,False,2.0,RateFlow,Model file,Certain,,,,,,,,,,,
Dengue1,Compartment,Asymptomatic infectious humans,,0,False,2.0,RateFlow,Model file,Certain,,,,,,,,,,,
Dengue1,Compartment,Symptomatic infectious humans,,0,False,1.0,RateFlow,Model file,Certain,,,,,,,,,,,
Dengue1,Compartment,Recovered humans,,0,False,0.0,None,Model file,Certain,,,,,,,,,,,
Dengue1,Compartment,Infectious mosquitoes,,0,False,0.0,None,Model file,Certain,,,,,,,,,,,
Dengue1,Compartment,Susceptible mosquitoes,,0,False,2.0,RateFlow,Model file,Certain,,,,,,,,,,,
Dengue1,Flow,,,,,,,Model file,Certain,,Unknown,RateFlow,parameters.3,False,S_h → E_h via bites from infectious mosquitoes (standard incidence ~ h_a * Iv * S_h / N_h in paper),,,,,
Dengue1,Flow,,,,,,,Model file,Certain,,Unknown,RateFlow,parameters.5,False,E_h → A_h at rate (1-σ) * k (fraction entering asymptomatic),,,,,
Dengue1,Flow,,,,,,,Model file,Certain,,Unknown,RateFlow,parameters.11,False,E_h → I_h at rate σ * k (fraction entering symptomatic),,,,,
Dengue1,Flow,,,,,,,Model file,Certain,,Unknown,RateFlow,parameters.7,False,A_h → I_h via reinfection by infectious mosquitoes (paper uses ρ factor on mosquito-to-human contact for secondary infection),,,,,
Dengue1,Flow,,,,,,,Model file,Certain,,Unknown,RateFlow,parameters.9,False,A_h → R_h recovery at rate γ2a (here: γ2),,,,,
Dengue1,Flow,,,,,,,Model file,Certain,,Unknown,RateFlow,parameters.8,False,I_h → R_h recovery at rate γ1a (here: γ1),,,,,
Dengue1,Flow,,,,,,,Model file,Certain,,Unknown,RateFlow,parameters.10,False,S_v → I_v via biting asymptomatic infectious humans (paper force: (1-Iv)*(1/Nh)∫ v_a (I_h + A_h) da),,,,,
Dengue1,Flow,,,,,,,Model file,Certain,,Unknown,RateFlow,parameters.10,False,S_v → I_v via biting symptomatic infectious humans,,,,,
Dengue1,Parameter,B,,,,,,Model file,Certain,,,,,,"Constant influx of human hosts (boundary Sh(0,t)=B)",CONSTANT,250,1/time,,
Dengue1,Parameter,μ_h,,,,,,Model file,Certain,,,,,,Natural death rate of human hosts,CONSTANT,0.005,1/time,,
Dengue1,Parameter,μ_v,,,,,,Model file,Certain,,,,,,Natural death rate of mosquitoes,CONSTANT,0.65,1/time,,
Dengue1,Parameter,h,,,,,,Model file,Certain,,,,,,Mosquito-to-human transmission/contact rate (age-averaged h_a),CONSTANT,18,1/time,,
Dengue1,Parameter,σ,,,,,,Model file,Certain,,,,,,Probability an exposed host becomes symptomatic (paper: fraction to I_h),CONSTANT,0.007,dimensionless,,
Dengue1,Parameter,k,,,,,,Model file,Certain,,,,,,Latent progression rate (paper: k_a; here constant),CONSTANT,0.6,1/time,,
Dengue1,Parameter,(1-σ)*k,,,,,,Model file,Certain,,,,,,E_h → A_h rate,EXPRESSION,(1-σ) * k,1/time,,
Dengue1,Parameter,σ*k,,,,,,Model file,Certain,,,,,,E_h → I_h rate,EXPRESSION,σ * k,1/time,,
Dengue1,Parameter,ρ,,,,,,Model file,Certain,,,,,,Reinfection intensity factor for asymptomatic hosts (secondary infection),CONSTANT,0.5,dimensionless,,
Dengue1,Parameter,ρ*h,,,,,,Model file,Certain,,,,,,A_h → I_h reinfection contact term (scaled mosquito-to-human contact),EXPRESSION,ρ * h,1/time,,
Dengue1,Parameter,γ1,,,,,,Model file,Certain,,,,,,Recovery rate of symptomatic infectious hosts (paper: γ1a),CONSTANT,0.5,1/time,,
Dengue1,Parameter,γ2,,,,,,Model file,Certain,,,,,,Recovery rate of asymptomatic infectious hosts (paper: γ2a),CONSTANT,0.5,1/time,,
Dengue1,Parameter,v,,,,,,Model file,Certain,,,,,,Human-to-mosquito transmission rate (age-averaged v_a),CONSTANT,8,1/time,,
Dengue2,Compartment,Susceptible,,9900,False,2.0,RateFlow,Model file,Certain,,,,,,,,,,,
Dengue2,Compartment,Exposed,,50,False,1.0,RateFlow,Model file,Certain,,,,,,,,,,,
Dengue2,Compartment,Infectious,,50,False,1.0,RateFlow,Model file,Certain,,,,,,,,,,,
Dengue2,Compartment,Recovered,,0,False,0.0,None,Model file,Certain,,,,,,,,,,,
Dengue2,Compartment,Vaccinated,,0,False,1.0,RateFlow,Model file,Certain,,,,,,,,,,,
Dengue2,Compartment,VaccinatedInfected,,0,False,1.0,RateFlow,Model file,Certain,,,,,,,,,,,
Dengue2,Compartment,VaccinatedRecovered,,0,False,0.0,None,Model file,Certain,,,,,,,,,,,
Dengue2,Flow,,,,,,,Model file,Certain,,Exposed,RateFlow,//@parameters.0,False,Human infection from infectious humans in simplified approximation of DENV transmission,,,,,
Dengue2,Flow,,,,,,,Model file,Certain,,Vaccinated,RateFlow,//@parameters.3,False,Vaccination following positive serological screening,,,,,
Dengue2,Flow,,,,,,,Model file,Certain,,Infectious,RateFlow,//@parameters.1,False,Incubation progression,,,,,
Dengue2,Flow,,,,,,,Model file,Certain,,Recovered,RateFlow,//@parameters.2,False,Recovery after infection,,,,,
Dengue2,Flow,,,,,,,Model file,Certain,,VaccinatedInfected,RateFlow,//@parameters.4,False,Breakthrough infection after vaccination in screened-positive vaccinees,,,,,
Dengue2,Flow,,,,,,,Model file,Certain,,VaccinatedRecovered,RateFlow,//@parameters.2,False,Resolution of infection in vaccinated hosts,,,,,
Dengue2,Parameter,TransmissionRate,,,,,,Model file,Certain,,,,,,Approximate transmission parameter for simplified human-side dengue model,CONSTANT,0.28,,,
Dengue2,Parameter,IncubationRate,,,,,,Model file,Certain,,,,,,Progression from exposed to infectious,CONSTANT,0.20,,,
Dengue2,Parameter,RecoveryRate,,,,,,Model file,Certain,,,,,,Recovery from infectious state,CONSTANT,0.14,,,
Dengue2,Parameter,ScreeningAndVaccinationRate,,,,,,Model file,Certain,,,,,,Routine screening at age 9 followed by vaccination if seropositive,CONSTANT,0.04,,,
Dengue2,Parameter,VaccineBreakthroughRate,,,,,,Model file,Certain,,,,,,Residual post-vaccination infection risk representing imperfect protection,CONSTANT,0.05,,,
Dengue3,Compartment,PrimarySusceptible,,9500,False,2.0,RateFlow,Model file,Certain,,,,,,,,,,,
Dengue3,Compartment,PrimaryExposed,,80,False,1.0,RateFlow,Model file,Certain,,,,,,,,,,,
Dengue3,Compartment,PrimaryInfectious,,40,False,1.0,RateFlow,Model file,Certain,,,,,,,,,,,
Dengue3,Compartment,PostPrimaryImmune,,0,False,1.0,RateFlow,Model file,Certain,,,,,,,,,,,
Dengue3,Compartment,VaccinatedSilentInfection,,0,False,1.0,RateFlow,Model file,Certain,,,,,,,,,,,
Dengue3,Compartment,SecondarySusceptible,,0,False,1.0,RateFlow,Model file,Certain,,,,,,,,,,,
Dengue3,Compartment,PostVaccinationSusceptible,,0,False,1.0,RateFlow,Model file,Certain,,,,,,,,,,,
Dengue3,Compartment,SecondaryInfectious,,0,False,1.0,RateFlow,Model file,Certain,,,,,,,,,,,
Dengue3,Compartment,PostSecondaryImmune,,0,False,0.0,None,Model file,Certain,,,,,,,,,,,
Dengue3,Flow,,,,,,,Model file,Certain,,PrimaryExposed,RateFlow,//@parameters.0,False,Primary natural dengue infection,,,,,
Dengue3,Flow,,,,,,,Model file,Certain,,VaccinatedSilentInfection,RateFlow,//@parameters.3,False,Routine vaccination at age 9,,,,,
Dengue3,Flow,,,,,,,Model file,Certain,,PrimaryInfectious,RateFlow,//@parameters.1,False,Primary incubation progression,,,,,
Dengue3,Flow,,,,,,,Model file,Certain,,PostPrimaryImmune,RateFlow,//@parameters.2,False,Primary infection resolution into post-primary immune state,,,,,
Dengue3,Flow,,,,,,,Model file,Certain,,SecondarySusceptible,RateFlow,//@parameters.4,False,Waning of temporary heterologous protection after natural primary infection,,,,,
Dengue3,Flow,,,,,,,Model file,Certain,,PostVaccinationSusceptible,RateFlow,//@parameters.5,False,Waning of temporary heterologous protection after vaccine-like silent infection,,,,,
Dengue3,Flow,,,,,,,Model file,Certain,,SecondaryInfectious,RateFlow,//@parameters.6,False,Secondary-like infection risk after loss of cross-protection,,,,,
Dengue3,Flow,,,,,,,Model file,Certain,,SecondaryInfectious,RateFlow,//@parameters.7,False,"In vaccinated hosts, subsequent infection behaves like later infection after silent infection",,,,,
Dengue3,Flow,,,,,,,Model file,Certain,,PostSecondaryImmune,RateFlow,//@parameters.2,False,Resolution of secondary-like infection,,,,,
Dengue3,Parameter,PrimaryTransmissionRate,,,,,,Model file,Certain,,,,,,Transmission parameter for primary infection,CONSTANT,0.26,,,
Dengue3,Parameter,IncubationRate,,,,,,Model file,Certain,,,,,,Progression from exposed to infectious,CONSTANT,0.18,,,
Dengue3,Parameter,RecoveryRate,,,,,,Model file,Certain,,,,,,Recovery rate from infectious states,CONSTANT,0.12,,,
Dengue3,Parameter,RoutineVaccinationRate,,,,,,Model file,Certain,,,,,,Routine vaccination of 9-year-olds,CONSTANT,0.05,,,
Dengue3,Parameter,NaturalCrossProtectionWaningRate,,,,,,Model file,Certain,,,,,,Waning of temporary heterologous protection after natural infection,CONSTANT,0.02,,,
Dengue3,Parameter,VaccineCrossProtectionWaningRate,,,,,,Model file,Certain,,,,,,Waning of temporary heterologous protection after vaccination,CONSTANT,0.03,,,
Dengue3,Parameter,SecondaryTransmissionRate,,,,,,Model file,Certain,,,,,,Transmission parameter for secondary-like infection after natural primary infection,CONSTANT,0.30,,,
Dengue3,Parameter,PostVaccinationTransmissionRate,,,,,,Model file,Certain,,,,,,Transmission parameter after vaccine-induced silent infection,CONSTANT,0.24,,,
Ebola1,Compartment,Susceptible,S,999,False,3.0,RateFlow,Model file,Certain,,,,,,,,,,,
Ebola1,Compartment,Infectious,I,1,False,4.0,RateFlow,Model file,Certain,,,,,,,,,,,
Ebola1,Compartment,Quarantine,Q,0,False,2.0,RateFlow,Model file,Certain,,,,,,,,,,,
Ebola1,Compartment,Recovered,R,0,False,0.0,None,Model file,Certain,,,,,,,,,,,
Ebola1,Compartment,Environment pathogens,B,0,False,0.0,None,Model file,Certain,,,,,,,,,,,
Ebola1,Compartment,Deceased,D,0,False,1.0,RateFlow,Model file,Certain,,,,,,,,,,,
Ebola1,Flow,,,,,,,Model file,Certain,,Infectious (I),RateFlow,//@parameters.2,False,S→I via infectious humans (effective contact rate β1).,,,,,
Ebola1,Flow,,,,,,,Model file,Certain,,Infectious (I),RateFlow,//@parameters.3,False,S→I via environment/pathogens B (contact rate β2).,,,,,
Ebola1,Flow,,,,,,,Model file,Certain,,Infectious (I),RateFlow,//@parameters.4,False,S→I via deceased (contact rate β3).,,,,,
Ebola1,Flow,,,,,,,Model file,Certain,,Quarantine (Q),RateFlow,//@parameters.8,False,I→Q at quarantine rate ω3.,,,,,
Ebola1,Flow,,,,,,,Model file,Certain,,Recovered (R),RateFlow,//@parameters.9,False,I→R at recovery rate ω1.,,,,,
Ebola1,Flow,,,,,,,Model file,Certain,,Deceased (D),RateFlow,//@parameters.6,False,I→D at disease death rate δ1.,,,,,
Ebola1,Flow,,,,,,,Model file,Certain,,Environment pathogens (B),RateFlow,//@parameters.7,False,I→B shedding of pathogens into environment at rate ω2.,,,,,
Ebola1,Flow,,,,,,,Model file,Certain,,Recovered (R),RateFlow,//@parameters.10,False,Q→R at recovery-from-quarantine rate ω1q.,,,,,
Ebola1,Flow,,,,,,,Model file,Certain,,Deceased (D),RateFlow,//@parameters.11,False,Q→D at death-in-quarantine rate δ2.,,,,,
Ebola1,Flow,,,,,,,Model file,Certain,,Environment pathogens (B),RateFlow,//@parameters.13,False,D→B shedding from deceased at rate η.,,,,,
Ebola1,Parameter,Λ,,,,,,Model file,Certain,,,,,,Recruitment of susceptibles (Λ),CONSTANT,0.38461,people/time,,
Ebola1,Parameter,μ,,,,,,Model file,Certain,,,,,,Natural human death rate (μ),CONSTANT,0.00038461,1/time,,
Ebola1,Parameter,β1,,,,,,Model file,Certain,,,,,,Effective contact rate with infectious humans,CONSTANT,0.0,1/time,,
Ebola1,Parameter,β2,,,,,,Model file,Certain,,,,,,Effective contact rate with pathogens in environment,CONSTANT,0.0,1/time,,
Ebola1,Parameter,β3,,,,,,Model file,Certain,,,,,,Effective contact rate with deceased humans,CONSTANT,0.0,1/time,,
Ebola1,Parameter,δ1,,,,,,Model file,Certain,,,,,,Disease-induced death rate from I,CONSTANT,0.0,1/time,,
Ebola1,Parameter,ω2,,,,,,Model file,Certain,,,,,,Shedding rate from I into environment,CONSTANT,0.0,1/time,,
Ebola1,Parameter,ω3,,,,,,Model file,Certain,,,,,,Quarantine rate (I→Q),CONSTANT,0.0,1/time,,
Ebola1,Parameter,ω1,,,,,,Model file,Certain,,,,,,Recovery rate from I (I→R),CONSTANT,0.0,1/time,,
Ebola1,Parameter,ω1q,,,,,,Model file,Certain,,,,,,Recovery rate from Q (Q→R),CONSTANT,0.0,1/time,,
Ebola1,Parameter,δ2,,,,,,Model file,Certain,,,,,,Death rate in quarantine (Q→D),CONSTANT,0.0,1/time,,
Ebola1,Parameter,η,,,,,,Model file,Certain,,,,,,Shedding rate from deceased into environment (D→B),CONSTANT,0.0,1/time,,
Ebola1,Parameter,ρ,,,,,,Model file,Certain,,,,,,Burial/removal rate of deceased (D removed),CONSTANT,0.0,1/time,,
Ebola1,Parameter,μB,,,,,,Model file,Certain,,,,,,Clearance/decay rate of pathogens in environment,CONSTANT,0.0,1/time,,
Ebola2,Compartment,Susceptible,,9990,False,3.0,RateFlow,Model file,Certain,,,,,,,,,,,
Ebola2,Compartment,Exposed,,5,False,1.0,RateFlow,Model file,Certain,,,,,,,,,,,
Ebola2,Compartment,Infectious,,5,False,3.0,RateFlow,Model file,Certain,,,,,,,,,,,
Ebola2,Compartment,Hospitalized,,0,False,2.0,RateFlow,Model file,Certain,,,,,,,,,,,
Ebola2,Compartment,Dead,,0,False,1.0,RateFlow,Model file,Certain,,,,,,,,,,,
Ebola2,Compartment,Removed,,0,False,0.0,None,Model file,Certain,,,,,,,,,,,
Ebola2,Flow,,,,,,,Model file,Certain,,Exposed,RateFlow,//@parameters.0,False,,,,,,
Ebola2,Flow,,,,,,,Model file,Certain,,Exposed,RateFlow,//@parameters.1,False,,,,,,
Ebola2,Flow,,,,,,,Model file,Certain,,Exposed,RateFlow,//@parameters.2,False,,,,,,
Ebola2,Flow,,,,,,,Model file,Certain,,Infectious,RateFlow,//@parameters.3,False,,,,,,
Ebola2,Flow,,,,,,,Model file,Certain,,Hospitalized,RateFlow,//@parameters.4,False,,,,,,
Ebola2,Flow,,,,,,,Model file,Certain,,Removed,RateFlow,//@parameters.5,False,,,,,,
Ebola2,Flow,,,,,,,Model file,Certain,,Dead,RateFlow,//@parameters.6,False,,,,,,
Ebola2,Flow,,,,,,,Model file,Certain,,Removed,RateFlow,//@parameters.7,False,,,,,,
Ebola2,Flow,,,,,,,Model file,Certain,,Dead,RateFlow,//@parameters.8,False,,,,,,
Ebola2,Flow,,,,,,,Model file,Certain,,Unknown,RateFlow,//@parameters.9,False,,,,,,
Ebola2,Parameter,BetaCommunity,,,,,,Model file,Certain,,,,,,,CONSTANT,0.5,,,
Ebola2,Parameter,BetaHospital,,,,,,Model file,Certain,,,,,,,CONSTANT,0.3,,,
Ebola2,Parameter,BetaFuneral,,,,,,Model file,Certain,,,,,,,CONSTANT,2.0,,,
Ebola2,Parameter,IncubationRate,,,,,,Model file,Certain,,,,,,,CONSTANT,0.1,,,
Ebola2,Parameter,HospitalizationRate,,,,,,Model file,Certain,,,,,,,CONSTANT,0.2,,,
Ebola2,Parameter,RecoveryRate,,,,,,Model file,Certain,,,,,,,CONSTANT,0.1,,,
Ebola2,Parameter,DeathRateCommunity,,,,,,Model file,Certain,,,,,,,CONSTANT,0.15,,,
Ebola2,Parameter,RecoveryRateHospital,,,,,,Model file,Certain,,,,,,,CONSTANT,0.1,,,
Ebola2,Parameter,DeathRateHospital,,,,,,Model file,Certain,,,,,,,CONSTANT,0.1,,,
Ebola2,Parameter,BurialRate,,,,,,Model file,Certain,,,,,,,CONSTANT,0.2,,,
Ebola3,Compartment,Susceptible,,9990,False,3.0,RateFlow,Model file,Certain,,,,,,,,,,,
Ebola3,Compartment,Exposed,,5,False,1.0,RateFlow,Model file,Certain,,,,,,,,,,,
Ebola3,Compartment,InfectiousCommunity,,5,False,3.0,RateFlow,Model file,Certain,,,,,,,,,,,
Ebola3,Compartment,Hospitalized,,0,False,2.0,RateFlow,Model file,Certain,,,,,,,,,,,
Ebola3,Compartment,FuneralInfectious,,0,False,1.0,RateFlow,Model file,Certain,,,,,,,,,,,
Ebola3,Compartment,Removed,,0,False,0.0,None,Model file,Certain,,,,,,,,,,,
Ebola3,Flow,,,,,,,Model file,Certain,,Exposed,RateFlow,//@parameters.0,False,Transmission in the community by infectious cases I; corresponds to beta_I S I / N in the paper,,,,,
Ebola3,Flow,,,,,,,Model file,Certain,,Exposed,RateFlow,//@parameters.1,False,Transmission at hospital by hospitalized infectious cases H; corresponds to beta_H S H / N in the paper,,,,,
Ebola3,Flow,,,,,,,Model file,Certain,,Exposed,RateFlow,//@parameters.2,False,Transmission during traditional burial by funeral-stage infectious cases F; corresponds to beta_F S F / N in the paper,,,,,
Ebola3,Flow,,,,,,,Model file,Certain,,InfectiousCommunity,RateFlow,//@parameters.3,False,End of incubation: exposed individuals become infectious in the community,,,,,
Ebola3,Flow,,,,,,,Model file,Certain,,Hospitalized,RateFlow,//@parameters.4,False,Hospitalization of infectious community cases; paper transition I -> H,,,,,
Ebola3,Flow,,,,,,,Model file,Certain,,Removed,RateFlow,//@parameters.5,False,Recovery/removal of non-hospitalized infectious survivors; paper transition I -> R,,,,,
Ebola3,Flow,,,,,,,Model file,Certain,,FuneralInfectious,RateFlow,//@parameters.6,False,Death of infectious community cases before hospitalization; paper transition I -> F,,,,,
Ebola3,Flow,,,,,,,Model file,Certain,,FuneralInfectious,RateFlow,//@parameters.7,False,Death of hospitalized cases; paper transition H -> F,,,,,
Ebola3,Flow,,,,,,,Model file,Certain,,Removed,RateFlow,//@parameters.8,False,Recovery/removal of hospitalized survivors; paper transition H -> R,,,,,
Ebola3,Flow,,,,,,,Model file,Certain,,Removed,RateFlow,//@parameters.9,False,Burial/removal after funeral-stage infectious period; paper transition F -> R,,,,,
Ebola3,Parameter,BetaCommunity,,,,,,Model file,Certain,,,,,,"Transmission coefficient in the community, based on fitted DRC 1995 estimate reported in Table 4 of the paper",CONSTANT,0.588,week^-1,,
Ebola3,Parameter,BetaHospital,,,,,,Model file,Certain,,,,,,"Transmission coefficient at hospital, based on fitted DRC 1995 estimate reported in Table 4 of the paper",CONSTANT,0.794,week^-1,,
Ebola3,Parameter,BetaFuneral,,,,,,Model file,Certain,,,,,,"Transmission coefficient during traditional burial, based on fitted DRC 1995 estimate reported in Table 4 of the paper",CONSTANT,7.653,week^-1,,
Ebola3,Parameter,IncubationRate,,,,,,Model file,Certain,,,,,,Approximate exposed-to-infectious progression in weekly time units; corresponds to alpha in the paper after unit conversion,CONSTANT,1/1.0,week^-1,,
Ebola3,Parameter,HospitalizationRate,,,,,,Model file,Certain,,,,,,Aggregate I to H transition approximation from c_h * h_1 in weekly units,CONSTANT,0.95,,,
Ebola3,Parameter,CommunityRecoveryRate,,,,,,Model file,Certain,,,,,,Aggregate recovery/removal rate for non-hospitalized infectious survivors in weekly units,CONSTANT,0.20,,,
Ebola3,Parameter,CommunityDeathRate,,,,,,Model file,Certain,,,,,,Aggregate death-to-funeral transition rate for community infectious cases in weekly units,CONSTANT,0.60,,,
Ebola3,Parameter,HospitalDeathRate,,,,,,Model file,Certain,,,,,,Aggregate death transition rate from H to F in weekly units,CONSTANT,1.20,,,
Ebola3,Parameter,HospitalRecoveryRate,,,,,,Model file,Certain,,,,,,Aggregate recovery/removal rate from H to R in weekly units,CONSTANT,0.25,,,
Ebola3,Parameter,BurialRate,,,,,,Model file,Certain,,,,,,"Funeral-to-removal transition rate in weekly units, corresponding to about 2 days from death to burial",CONSTANT,3.5,week^-1,,
Hiv1,Compartment,Susceptible homosexual men,Sh,2446,False,2.0,RateFlow,Model file,Certain,,,,,,,,,,,
Hiv1,Compartment,Untreated infected homosexual men,Ih,79,False,2.0,RateFlow,Model file,Certain,,,,,,,,,,,
Hiv1,Compartment,Susceptible women,Sw,189994,False,2.0,RateFlow,Model file,Certain,,,,,,,,,,,
Hiv1,Compartment,Untreated infected women,Iw,6,False,2.0,RateFlow,Model file,Certain,,,,,,,,,,,
Hiv1,Compartment,Susceptible heterosexual men,Sm,171173,False,2.0,RateFlow,Model file,Certain,,,,,,,,,,,
Hiv1,Compartment,Untreated infected heterosexual men,Im,29,False,2.0,RateFlow,Model file,Certain,,,,,,,,,,,
Hiv1,Compartment,Treated with ART,T,107,False,1.0,RateFlow,Model file,Certain,,,,,,,,,,,
Hiv1,Compartment,People living with AIDS,A,47,False,0.0,None,Model file,Certain,,,,,,,,,,,
Hiv1,Compartment,RecruitmentSource,SRC,0,False,0.0,None,Model file,Certain,,,,,,,,,,,
Hiv1,Flow,,,,,,,Model file,Certain,,Untreated infected homosexual men (Ih),RateFlow,//@parameters.5,False,Sh→Ih via homosexual contacts (ch*bh term).,,,,,
Hiv1,Flow,,,,,,,Model file,Certain,,Untreated infected homosexual men (Ih),RateFlow,//@parameters.6,False,Sh→Ih via contacts with AIDS individuals (from force of infection).,,,,,
Hiv1,Flow,,,,,,,Model file,Certain,,Treated with ART (T),RateFlow,//@parameters.7,False,Ih→T (ART initiation among homosexual men).,,,,,
Hiv1,Flow,,,,,,,Model file,Certain,,People living with AIDS (A),RateFlow,//@parameters.8,False,Ih→A (AIDS in untreated homosexual men).,,,,,
Hiv1,Flow,,,,,,,Model file,Certain,,Untreated infected women (Iw),RateFlow,//@parameters.9,False,Sw→Iw via contacts with homosexual men (bhw * chw).,,,,,
Hiv1,Flow,,,,,,,Model file,Certain,,Untreated infected women (Iw),RateFlow,//@parameters.10,False,Sw→Iw via heterosexual contacts with infected men (bs * cs).,,,,,
Hiv1,Flow,,,,,,,Model file,Certain,,Treated with ART (T),RateFlow,//@parameters.7,False,Iw→T (ART initiation among women).,,,,,
Hiv1,Flow,,,,,,,Model file,Certain,,People living with AIDS (A),RateFlow,//@parameters.8,False,Iw→A (AIDS in untreated women).,,,,,
Hiv1,Flow,,,,,,,Model file,Certain,,Untreated infected heterosexual men (Im),RateFlow,//@parameters.11,False,Sm→Im via contacts with infected women (bs * cs).,,,,,
Hiv1,Flow,,,,,,,Model file,Certain,,Untreated infected heterosexual men (Im),RateFlow,//@parameters.12,False,Sm→Im via contacts with homosexual men (bhm * chm).,,,,,
Hiv1,Flow,,,,,,,Model file,Certain,,Treated with ART (T),RateFlow,//@parameters.7,False,Im→T (ART initiation among heterosexual men).,,,,,
Hiv1,Flow,,,,,,,Model file,Certain,,People living with AIDS (A),RateFlow,//@parameters.8,False,Im→A (AIDS in untreated heterosexual men).,,,,,
Hiv1,Flow,,,,,,,Model file,Certain,,People living with AIDS (A),RateFlow,//@parameters.4,False,T→A due to ART failure/resistance (δ).,,,,,
Hiv1,Parameter,C_h_1_minus_c,,,,,,Model file,Certain,,,,,,Recruitment: C*h*(1-c) into Sh,CONSTANT,333*0.48*(1-0.92),people/time,,
Hiv1,Parameter,C_1_minus_h,,,,,,Model file,Certain,,,,,,Recruitment: C*(1-h) into Sw,CONSTANT,333*(1-0.48),people/time,,
Hiv1,Parameter,C_h_c,,,,,,Model file,Certain,,,,,,Recruitment: C*h*c into Sm,CONSTANT,333*0.48*0.92,people/time,,
Hiv1,Parameter,l,,,,,,Model file,Certain,,,,,,Natural death rate,CONSTANT,0.0129,1/time,,
Hiv1,Parameter,delta,,,,,,Model file,Certain,,,,,,AIDS development rate for treated individuals,CONSTANT,0.018,1/time,,
Hiv1,Parameter,ch_bh,,,,,,Model file,Certain,,,,,,Homosexual contact term ch*bh,CONSTANT,7*0.44,1/time,,
Hiv1,Parameter,A_contact_term,,,,,,Model file,Certain,,,,,,Contact term with AIDS individuals (as in model’s force of infection),CONSTANT,0.0,1/time,,
Hiv1,Parameter,a_p,,,,,,Model file,Certain,,,,,,Rate a*p: progression from untreated infected to T,CONSTANT,0.3333*0.90,1/time,,
Hiv1,Parameter,a_1_minus_p,,,,,,Model file,Certain,,,,,,Rate a*(1-p): progression from untreated infected to A,CONSTANT,0.3333*(1-0.90),1/time,,
Hiv1,Parameter,chw_bhw,,,,,,Model file,Certain,,,,,,Contact term chw*bhw for Sw infection via Ih,CONSTANT,2*0.018,1/time,,
Hiv1,Parameter,cs_bs,,,,,,Model file,Certain,,,,,,Contact term cs*bs for Sw infection via Im,CONSTANT,4*0.02,1/time,,
Hiv1,Parameter,cs_bs_Sm,,,,,,Model file,Certain,,,,,,Contact term cs*bs for Sm infection via Iw,CONSTANT,4*0.02,1/time,,
Hiv1,Parameter,chm_bhm,,,,,,Model file,Certain,,,,,,Contact term chm*bhm for Sm infection via Ih,CONSTANT,1*0.25,1/time,,
Hiv1,Parameter,d_AIDS,,,,,,Model file,Certain,,,,,,AIDS-induced death rate d,CONSTANT,0.3333,1/time,,
Hiv2,Compartment,Susceptible,,9900,False,4.0,RateFlow,Model file,Certain,,,,,,,,,,,
Hiv2,Compartment,EarlyInfection,,50,False,1.0,RateFlow,Model file,Certain,,,,,,,,,,,
Hiv2,Compartment,ChronicInfection,,30,False,2.0,RateFlow,Model file,Certain,,,,,,,,,,,
Hiv2,Compartment,LateInfection,,10,False,2.0,RateFlow,Model file,Certain,,,,,,,,,,,
Hiv2,Compartment,OnART,,5,False,1.0,RateFlow,Model file,Certain,,,,,,,,,,,
Hiv2,Compartment,Removed,,0,False,0.0,None,Model file,Certain,,,,,,,,,,,
Hiv2,Flow,,,,,,,Model file,Certain,,EarlyInfection,RateFlow,//@parameters.0,False,,,,,,
Hiv2,Flow,,,,,,,Model file,Certain,,EarlyInfection,RateFlow,//@parameters.1,False,,,,,,
Hiv2,Flow,,,,,,,Model file,Certain,,EarlyInfection,RateFlow,//@parameters.2,False,,,,,,
Hiv2,Flow,,,,,,,Model file,Certain,,EarlyInfection,RateFlow,//@parameters.3,False,,,,,,
Hiv2,Flow,,,,,,,Model file,Certain,,ChronicInfection,RateFlow,//@parameters.4,False,,,,,,
Hiv2,Flow,,,,,,,Model file,Certain,,LateInfection,RateFlow,//@parameters.5,False,,,,,,
Hiv2,Flow,,,,,,,Model file,Certain,,OnART,RateFlow,//@parameters.6,False,,,,,,
Hiv2,Flow,,,,,,,Model file,Certain,,OnART,RateFlow,//@parameters.7,False,,,,,,
Hiv2,Flow,,,,,,,Model file,Certain,,Removed,RateFlow,//@parameters.8,False,,,,,,
Hiv2,Flow,,,,,,,Model file,Certain,,Removed,RateFlow,//@parameters.9,False,,,,,,
Hiv2,Parameter,BetaEarly,,,,,,Model file,Certain,,,,,,,CONSTANT,0.8,,,
Hiv2,Parameter,BetaChronic,,,,,,Model file,Certain,,,,,,,CONSTANT,0.3,,,
Hiv2,Parameter,BetaLate,,,,,,Model file,Certain,,,,,,,CONSTANT,0.6,,,
Hiv2,Parameter,BetaART,,,,,,Model file,Certain,,,,,,,CONSTANT,0.05,,,
Hiv2,Parameter,Progression1,,,,,,Model file,Certain,,,,,,,CONSTANT,0.5,,,
Hiv2,Parameter,Progression2,,,,,,Model file,Certain,,,,,,,CONSTANT,0.2,,,
Hiv2,Parameter,ARTStart1,,,,,,Model file,Certain,,,,,,,CONSTANT,0.3,,,
Hiv2,Parameter,ARTStart2,,,,,,Model file,Certain,,,,,,,CONSTANT,0.4,,,
Hiv2,Parameter,DeathLate,,,,,,Model file,Certain,,,,,,,CONSTANT,0.2,,,
Hiv2,Parameter,DeathART,,,,,,Model file,Certain,,,,,,,CONSTANT,0.05,,,
Hiv3,Compartment,Susceptible,,9000,False,8.0,RateFlow,Model file,Certain,,,,,,,,,,,
Hiv3,Compartment,UntreatedStageI1,,250,False,2.0,RateFlow,Model file,Certain,,,,,,,,,,,
Hiv3,Compartment,UntreatedStageI2,,220,False,2.0,RateFlow,Model file,Certain,,,,,,,,,,,
Hiv3,Compartment,UntreatedStageI3,,180,False,2.0,RateFlow,Model file,Certain,,,,,,,,,,,
Hiv3,Compartment,UntreatedStageI4,,120,False,2.0,RateFlow,Model file,Certain,,,,,,,,,,,
Hiv3,Compartment,ARTStageA1,,40,False,2.0,RateFlow,Model file,Certain,,,,,,,,,,,
Hiv3,Compartment,ARTStageA2,,35,False,2.0,RateFlow,Model file,Certain,,,,,,,,,,,
Hiv3,Compartment,ARTStageA3,,25,False,2.0,RateFlow,Model file,Certain,,,,,,,,,,,
Hiv3,Compartment,ARTStageA4,,15,False,2.0,RateFlow,Model file,Certain,,,,,,,,,,,
Hiv3,Compartment,Removed,,0,False,0.0,None,Model file,Certain,,,,,,,,,,,
Hiv3,Flow,,,,,,,Model file,Certain,,UntreatedStageI1,RateFlow,//@parameters.0,False,HIV acquisition from untreated stage I1 individuals,,,,,
Hiv3,Flow,,,,,,,Model file,Certain,,UntreatedStageI1,RateFlow,//@parameters.1,False,HIV acquisition from untreated stage I2 individuals,,,,,
Hiv3,Flow,,,,,,,Model file,Certain,,UntreatedStageI1,RateFlow,//@parameters.2,False,HIV acquisition from untreated stage I3 individuals,,,,,
Hiv3,Flow,,,,,,,Model file,Certain,,UntreatedStageI1,RateFlow,//@parameters.3,False,HIV acquisition from untreated stage I4 individuals,,,,,
Hiv3,Flow,,,,,,,Model file,Certain,,UntreatedStageI1,RateFlow,//@parameters.4,False,Residual HIV acquisition from ART stage A1 individuals,,,,,
Hiv3,Flow,,,,,,,Model file,Certain,,UntreatedStageI1,RateFlow,//@parameters.5,False,Residual HIV acquisition from ART stage A2 individuals,,,,,
Hiv3,Flow,,,,,,,Model file,Certain,,UntreatedStageI1,RateFlow,//@parameters.6,False,Residual HIV acquisition from ART stage A3 individuals,,,,,
Hiv3,Flow,,,,,,,Model file,Certain,,UntreatedStageI1,RateFlow,//@parameters.7,False,Residual HIV acquisition from ART stage A4 individuals,,,,,
Hiv3,Flow,,,,,,,Model file,Certain,,UntreatedStageI2,RateFlow,//@parameters.8,False,Progression from untreated stage I1 to I2,,,,,
Hiv3,Flow,,,,,,,Model file,Certain,,ARTStageA1,RateFlow,//@parameters.12,False,ART initiation from untreated stage I1 to ART stage A1,,,,,
Hiv3,Flow,,,,,,,Model file,Certain,,UntreatedStageI3,RateFlow,//@parameters.9,False,Progression from untreated stage I2 to I3,,,,,
Hiv3,Flow,,,,,,,Model file,Certain,,ARTStageA2,RateFlow,//@parameters.13,False,ART initiation from untreated stage I2 to ART stage A2,,,,,
Hiv3,Flow,,,,,,,Model file,Certain,,UntreatedStageI4,RateFlow,//@parameters.10,False,Progression from untreated stage I3 to I4,,,,,
Hiv3,Flow,,,,,,,Model file,Certain,,ARTStageA3,RateFlow,//@parameters.14,False,ART initiation from untreated stage I3 to ART stage A3,,,,,
Hiv3,Flow,,,,,,,Model file,Certain,,Removed,RateFlow,//@parameters.11,False,AIDS-related mortality from untreated stage I4,,,,,
Hiv3,Flow,,,,,,,Model file,Certain,,ARTStageA4,RateFlow,//@parameters.15,False,ART initiation from untreated stage I4 to ART stage A4,,,,,
Hiv3,Flow,,,,,,,Model file,Certain,,ARTStageA2,RateFlow,//@parameters.16,False,Progression while on ART from A1 to A2,,,,,
Hiv3,Flow,,,,,,,Model file,Certain,,UntreatedStageI1,RateFlow,//@parameters.20,False,ART dropout from A1 back to infectious untreated population,,,,,
Hiv3,Flow,,,,,,,Model file,Certain,,ARTStageA3,RateFlow,//@parameters.17,False,Progression while on ART from A2 to A3,,,,,
Hiv3,Flow,,,,,,,Model file,Certain,,UntreatedStageI2,RateFlow,//@parameters.20,False,ART dropout from A2 back to infectious untreated population,,,,,
Hiv3,Flow,,,,,,,Model file,Certain,,ARTStageA4,RateFlow,//@parameters.18,False,Progression while on ART from A3 to A4,,,,,
Hiv3,Flow,,,,,,,Model file,Certain,,UntreatedStageI3,RateFlow,//@parameters.20,False,ART dropout from A3 back to infectious untreated population,,,,,
Hiv3,Flow,,,,,,,Model file,Certain,,Removed,RateFlow,//@parameters.19,False,Mortality while on ART from stage A4,,,,,
Hiv3,Flow,,,,,,,Model file,Certain,,UntreatedStageI4,RateFlow,//@parameters.20,False,ART dropout from A4 back to infectious untreated population,,,,,
Hiv3,Parameter,BetaI1,,,,,,Model file,Certain,,,,,,Transmission intensity from untreated stage I1; early untreated infection contributes substantially to onward transmission,CONSTANT,0.08,,,
Hiv3,Parameter,BetaI2,,,,,,Model file,Certain,,,,,,Transmission intensity from untreated stage I2,CONSTANT,0.05,,,
Hiv3,Parameter,BetaI3,,,,,,Model file,Certain,,,,,,Transmission intensity from untreated stage I3,CONSTANT,0.04,,,
Hiv3,Parameter,BetaI4,,,,,,Model file,Certain,,,,,,Transmission intensity from untreated stage I4,CONSTANT,0.06,,,
Hiv3,Parameter,BetaA1,,,,,,Model file,Certain,,,,,,"Residual transmission from ART stage A1, approximating strong ART-associated reduction in infectiousness",CONSTANT,0.0008,,,
Hiv3,Parameter,BetaA2,,,,,,Model file,Certain,,,,,,Residual transmission from ART stage A2,CONSTANT,0.0005,,,
Hiv3,Parameter,BetaA3,,,,,,Model file,Certain,,,,,,Residual transmission from ART stage A3,CONSTANT,0.0004,,,
Hiv3,Parameter,BetaA4,,,,,,Model file,Certain,,,,,,Residual transmission from ART stage A4,CONSTANT,0.0006,,,
Hiv3,Parameter,ProgressI1toI2,,,,,,Model file,Certain,,,,,,Progression rate from untreated stage I1 to I2,CONSTANT,0.25,,,
Hiv3,Parameter,ProgressI2toI3,,,,,,Model file,Certain,,,,,,Progression rate from untreated stage I2 to I3,CONSTANT,0.20,,,
Hiv3,Parameter,ProgressI3toI4,,,,,,Model file,Certain,,,,,,Progression rate from untreated stage I3 to I4,CONSTANT,0.18,,,
Hiv3,Parameter,UntreatedMortalityI4,,,,,,Model file,Certain,,,,,,Mortality rate from untreated late stage I4,CONSTANT,0.30,,,
Hiv3,Parameter,ARTStartI1,,,,,,Model file,Certain,,,,,,Immediate ART uptake from stage I1 after diagnosis,CONSTANT,0.70,,,
Hiv3,Parameter,ARTStartI2,,,,,,Model file,Certain,,,,,,Immediate ART uptake from stage I2 after diagnosis,CONSTANT,0.70,,,
Hiv3,Parameter,ARTStartI3,,,,,,Model file,Certain,,,,,,Immediate ART uptake from stage I3 after diagnosis,CONSTANT,0.70,,,
Hiv3,Parameter,ARTStartI4,,,,,,Model file,Certain,,,,,,Immediate ART uptake from stage I4 after diagnosis,CONSTANT,0.70,,,
Hiv3,Parameter,ProgressA1toA2,,,,,,Model file,Certain,,,,,,Progression while on ART from A1 to A2,CONSTANT,0.08,,,
Hiv3,Parameter,ProgressA2toA3,,,,,,Model file,Certain,,,,,,Progression while on ART from A2 to A3,CONSTANT,0.07,,,
Hiv3,Parameter,ProgressA3toA4,,,,,,Model file,Certain,,,,,,Progression while on ART from A3 to A4,CONSTANT,0.06,,,
Hiv3,Parameter,ARTMortalityA4,,,,,,Model file,Certain,,,,,,Mortality rate from late stage A4 while on ART,CONSTANT,0.05,,,
Hiv3,Parameter,ARTDropoutRate,,,,,,Model file,Certain,,,,,,Long-term annual ART dropout rate used in the paper's implementation assumptions,CONSTANT,0.015,,,
Influezna1,Compartment,Susceptible,,29370000,False,2.0,RateFlow,Model file,Certain,,,,,,,,,,,
Influezna1,Compartment,Exposed,E1,0,False,1.0,RateFlow,Model file,Certain,,,,,,,,,,,
Influezna1,Compartment,Exposed,E2,0,False,1.0,RateFlow,Model file,Certain,,,,,,,,,,,
Influezna1,Compartment,Infectious,I1,1515,False,1.0,RateFlow,Model file,Certain,,,,,,,,,,,
Influezna1,Compartment,Infectious,I2,1515,False,1.0,RateFlow,Model file,Certain,,,,,,,,,,,
Influezna1,Compartment,Removed,,25100935,False,0.0,None,Model file,Certain,,,,,,,,,,,
Influezna1,Flow,,,,,,,Model file,Certain,,Unknown,RateFlow,0.0,False,Infection: S→E1 via contact with I1; λ(t)=β*I(t)/N under homogeneous mixing,,,,,
Influezna1,Flow,,,,,,,Model file,Certain,,Unknown,RateFlow,0.0,False,Infection: S→E1 via contact with I2; λ(t)=β*I(t)/N under homogeneous mixing,,,,,
Influezna1,Flow,,,,,,,Model file,Certain,,Unknown,RateFlow,0.0,False,Progression: E1→E2 at daily rate σ,,,,,
Influezna1,Flow,,,,,,,Model file,Certain,,Unknown,RateFlow,0.0,False,Progression: E2→I1 at daily rate σ,,,,,
Influezna1,Flow,,,,,,,Model file,Certain,,Unknown,RateFlow,0.0,False,Progression: I1→I2 at daily rate γ,,,,,
Influezna1,Flow,,,,,,,Model file,Certain,,Unknown,RateFlow,0.0,False,Removal: I2→R at daily rate γ,,,,,
Influezna1,Parameter,σ,,,,,,Model file,Certain,,,,,,Daily transition rate E1→E2 and E2→I1 (two-stage latent period),CONSTANT,1,1/day,,
Influezna1,Parameter,γ,,,,,,Model file,Certain,,,,,,Daily transition rate I1→I2 and I2→R (two-stage infectious period),CONSTANT,0.5797,1/day,,
Influezna1,Parameter,β,,,,,,Model file,Certain,,,,,,Transmission rate in λ(t)=β*I(t)/N (homogeneous mixing),CONSTANT,1.24,1/day,,
Influezna2,Compartment,Susceptible,,999000,False,3.0,RateFlow,Model file,Certain,,,,,,,,,,,
Influezna2,Compartment,Exposed,,500,False,2.0,RateFlow,Model file,Certain,,,,,,,,,,,
Influezna2,Compartment,InfectiousClinical,,250,False,2.0,RateFlow,Model file,Certain,,,,,,,,,,,
Influezna2,Compartment,InfectiousSubclinical,,250,False,1.0,RateFlow,Model file,Certain,,,,,,,,,,,
Influezna2,Compartment,TreatedClinical,,0,False,1.0,RateFlow,Model file,Certain,,,,,,,,,,,
Influezna2,Compartment,Protected,,0,False,1.0,RateFlow,Model file,Certain,,,,,,,,,,,
Influezna2,Compartment,Removed,,0,False,0.0,None,Model file,Certain,,,,,,,,,,,
Influezna2,Flow,,,,,,,Model file,Certain,,Exposed,RateFlow,//@parameters.0,False,"Infection of susceptible individuals by clinical infectious cases; corresponds to the paper's transmission processes across households, schools, workplaces and community",,,,,
Influezna2,Flow,,,,,,,Model file,Certain,,Exposed,RateFlow,//@parameters.1,False,Infection of susceptible individuals by subclinical infectious cases; included because the paper distinguishes infected individuals from clinical cases,,,,,
Influezna2,Flow,,,,,,,Model file,Certain,,Protected,RateFlow,//@parameters.7,False,Protective coverage by prophylaxis or vaccination; represents intervention-driven movement into temporary protection,,,,,
Influezna2,Flow,,,,,,,Model file,Certain,,InfectiousClinical,RateFlow,//@parameters.2,False,Progression from latent infection to clinical infectiousness; approximately half of infections become clinical cases in the paper,,,,,
Influezna2,Flow,,,,,,,Model file,Certain,,InfectiousSubclinical,RateFlow,//@parameters.3,False,Progression from latent infection to subclinical infectiousness; complements the 50% clinical assumption used in the paper,,,,,
Influezna2,Flow,,,,,,,Model file,Certain,,TreatedClinical,RateFlow,//@parameters.4,False,Rapid antiviral treatment of clinical cases; the paper emphasizes treatment only has strong transmission impact if given within one day of symptom onset,,,,,
Influezna2,Flow,,,,,,,Model file,Certain,,Removed,RateFlow,//@parameters.5,False,Recovery/removal of untreated clinical infectious cases,,,,,
Influezna2,Flow,,,,,,,Model file,Certain,,Removed,RateFlow,//@parameters.6,False,Recovery/removal of subclinical infectious cases,,,,,
Influezna2,Flow,,,,,,,Model file,Certain,,Removed,RateFlow,//@parameters.8,False,Recovery/removal after antiviral treatment of clinical cases,,,,,
Influezna2,Flow,,,,,,,Model file,Certain,,Susceptible,RateFlow,//@parameters.9,False,Loss of prophylactic or vaccine protection and return to susceptibility,,,,,
Influezna2,Parameter,ClinicalTransmissionRate,,,,,,Model file,Certain,,,,,,Effective transmission rate from clinical infectious cases in the compartmental abstraction of the paper,CONSTANT,0.45,,,
Influezna2,Parameter,SubclinicalTransmissionRate,,,,,,Model file,Certain,,,,,,Effective transmission rate from subclinical infectious cases,CONSTANT,0.22,,,
Influezna2,Parameter,ClinicalProgressionRate,,,,,,Model file,Certain,,,,,,"Latent-to-clinical progression rate, reflecting that roughly 50 percent of infections become clinical cases in the paper",CONSTANT,0.38,,,
Influezna2,Parameter,SubclinicalProgressionRate,,,,,,Model file,Certain,,,,,,Latent-to-subclinical progression rate,CONSTANT,0.38,,,
Influezna2,Parameter,TreatmentRate,,,,,,Model file,Certain,,,,,,Rapid treatment rate for clinical cases; chosen to reflect same-day to one-day treatment emphasis in the paper,CONSTANT,1.0,,,
Influezna2,Parameter,ClinicalRecoveryRate,,,,,,Model file,Certain,,,,,,Recovery rate from untreated clinical infectiousness,CONSTANT,0.33,,,
Influezna2,Parameter,SubclinicalRecoveryRate,,,,,,Model file,Certain,,,,,,Recovery rate from subclinical infectiousness,CONSTANT,0.33,,,
Influezna2,Parameter,ProtectionAcquisitionRate,,,,,,Model file,Certain,,,,,,Population movement into temporary protection through prophylaxis or vaccination interventions,CONSTANT,0.02,,,
Influezna2,Parameter,TreatedRecoveryRate,,,,,,Model file,Certain,,,,,,Recovery rate from treated clinical infection,CONSTANT,0.5,,,
Influezna2,Parameter,ProtectionLossRate,,,,,,Model file,Certain,,,,,,Loss of prophylactic or vaccine-induced protection,CONSTANT,0.05,,,
Influezna3,Compartment,Susceptible,,9800,False,4.0,RateFlow,Model file,Certain,,,,,,,,,,,
Influezna3,Compartment,VaccinatedEffectiveNotYetProtected,,0,False,3.0,RateFlow,Model file,Certain,,,,,,,,,,,
Influezna3,Compartment,VaccinatedIneffective,,0,False,2.0,RateFlow,Model file,Certain,,,,,,,,,,,
Influezna3,Compartment,ProtectedByVaccination,,0,False,0.0,None,Model file,Certain,,,,,,,,,,,
Influezna3,Compartment,Latent,,20,False,1.0,RateFlow,Model file,Certain,,,,,,,,,,,
Influezna3,Compartment,InfectiousCommunity,,20,False,2.0,RateFlow,Model file,Certain,,,,,,,,,,,
Influezna3,Compartment,Hospitalized,,5,False,2.0,RateFlow,Model file,Certain,,,,,,,,,,,
Influezna3,Compartment,Recovered,,0,False,0.0,None,Model file,Certain,,,,,,,,,,,
Influezna3,Compartment,Dead,,0,False,0.0,None,Model file,Certain,,,,,,,,,,,
Influezna3,Flow,,,,,,,Model file,Certain,,Latent,RateFlow,//@parameters.0,False,"Influenza infection of susceptible individuals through contact with infectious community cases and hospitalized cases, corresponding to the force of infection lambda_i in the paper",,,,,
Influezna3,Flow,,,,,,,Model file,Certain,,Latent,RateFlow,//@parameters.1,False,"Influenza infection of susceptible individuals through contact with hospitalized infectious individuals, included in lambda_i in the paper",,,,,
Influezna3,Flow,,,,,,,Model file,Certain,,VaccinatedEffectiveNotYetProtected,RateFlow,//@parameters.2,False,Effective vaccination of susceptible individuals; corresponds to e_i * nu(t) * S_i in the paper,,,,,
Influezna3,Flow,,,,,,,Model file,Certain,,VaccinatedIneffective,RateFlow,//@parameters.3,False,Ineffective vaccination of susceptible individuals; corresponds to (1-e_i) * nu(t) * S_i in the paper,,,,,
Influezna3,Flow,,,,,,,Model file,Certain,,Latent,RateFlow,//@parameters.0,False,Breakthrough infection before vaccine-derived protection is established; corresponds to lambda_i * V_i in the paper,,,,,
Influezna3,Flow,,,,,,,Model file,Certain,,Latent,RateFlow,//@parameters.1,False,Breakthrough infection from hospitalized infectious individuals before protection is established,,,,,
Influezna3,Flow,,,,,,,Model file,Certain,,ProtectedByVaccination,RateFlow,//@parameters.4,False,Development of vaccine-derived protection after delay; corresponds to gamma * V_i in the paper,,,,,
Influezna3,Flow,,,,,,,Model file,Certain,,Latent,RateFlow,//@parameters.0,False,Infection of ineffectively vaccinated individuals; corresponds to lambda_i * U_i in the paper,,,,,
Influezna3,Flow,,,,,,,Model file,Certain,,Latent,RateFlow,//@parameters.1,False,Infection of ineffectively vaccinated individuals from hospitalized infectious individuals,,,,,
Influezna3,Flow,,,,,,,Model file,Certain,,InfectiousCommunity,RateFlow,//@parameters.5,False,Progression from latent infection to symptomatic infectiousness; corresponds to kappa * E_i in the paper,,,,,
Influezna3,Flow,,,,,,,Model file,Certain,,Hospitalized,RateFlow,//@parameters.6,False,Hospitalization of infectious cases; corresponds to a_i * I_i in the paper,,,,,
Influezna3,Flow,,,,,,,Model file,Certain,,Recovered,RateFlow,//@parameters.7,False,Recovery of non-hospitalized infectious cases; corresponds to c_1 * I_i in the paper,,,,,
Influezna3,Flow,,,,,,,Model file,Certain,,Recovered,RateFlow,//@parameters.8,False,Recovery from hospitalization; corresponds to c_2 * H_i in the paper,,,,,
Influezna3,Flow,,,,,,,Model file,Certain,,Dead,RateFlow,//@parameters.9,False,Influenza mortality among hospitalized cases; corresponds to d_i * H_i in the paper,,,,,
Influezna3,Parameter,CommunityTransmissionRate,,,,,,Model file,Certain,,,,,,Representative age-specific transmission term from infectious community cases; in the paper lambda_i depends on the age-structured contact matrix and transmission probability q,CONSTANT,0.45,,,
Influezna3,Parameter,HospitalTransmissionRate,,,,,,Model file,Certain,,,,,,Representative contribution of hospitalized infectious individuals to the force of infection; the paper includes I_j + H_j in the force of infection,CONSTANT,0.20,,,
Influezna3,Parameter,EffectiveVaccinationRate,,,,,,Model file,Certain,,,,,,"e_i * nu(t), effective vaccination rate for this representative age group",CONSTANT,0.03,,,
Influezna3,Parameter,IneffectiveVaccinationRate,,,,,,Model file,Certain,,,,,,"(1-e_i) * nu(t), ineffective vaccination rate for this representative age group",CONSTANT,0.01,,,
Influezna3,Parameter,ProtectionDelayRate,,,,,,Model file,Certain,,,,,,"gamma, rate of becoming protected after vaccination; mean 10 days in the paper",CONSTANT,0.10,,,
Influezna3,Parameter,LatentProgressionRate,,,,,,Model file,Certain,,,,,,"kappa, progression rate from latent to infectious; based on mean latent period 1.9 days in the paper",CONSTANT,0.526,,,
Influezna3,Parameter,HospitalizationRate,,,,,,Model file,Certain,,,,,,"a_i, age-specific hospitalization rate among infectious individuals",CONSTANT,0.08,,,
Influezna3,Parameter,CommunityRecoveryRate,,,,,,Model file,Certain,,,,,,"c_1, recovery rate for infectious individuals in the community; based on mean 1.5 days in the paper",CONSTANT,0.667,,,
Influezna3,Parameter,HospitalRecoveryRate,,,,,,Model file,Certain,,,,,,"c_2, recovery rate for hospitalized individuals; based on mean 1.5 days in the paper",CONSTANT,0.667,,,
Influezna3,Parameter,HospitalMortalityRate,,,,,,Model file,Certain,,,,,,"d_i, age-specific mortality rate among hospitalized individuals",CONSTANT,0.015,,,
Malaria1,Compartment,Susceptible humans (SH),,0,False,2.0,RateFlow,Model file,Certain,,,,,,,,,,,
Malaria1,Compartment,Vaccinated humans (VH),,0,False,2.0,RateFlow,Model file,Certain,,,,,,,,,,,
Malaria1,Compartment,Vector-exposed humans (EH1),,0,False,1.0,RateFlow,Model file,Certain,,,,,,,,,,,
Malaria1,Compartment,Non-vector-exposed humans (EH2),,0,False,1.0,RateFlow,Model file,Certain,,,,,,,,,,,
Malaria1,Compartment,Infectious humans (IH),,0,False,1.0,RateFlow,Model file,Certain,,,,,,,,,,,
Malaria1,Compartment,Treated humans (TH),,0,False,1.0,RateFlow,Model file,Certain,,,,,,,,,,,
Malaria1,Compartment,Recovered humans (RH),,0,False,1.0,RateFlow,Model file,Certain,,,,,,,,,,,
Malaria1,Compartment,Susceptible mosquitoes (SM),,0,False,1.0,RateFlow,Model file,Certain,,,,,,,,,,,
Malaria1,Compartment,Exposed mosquitoes (EM),,0,False,1.0,RateFlow,Model file,Certain,,,,,,,,,,,
Malaria1,Compartment,Infectious mosquitoes (IM),,0,False,0.0,None,Model file,Certain,,,,,,,,,,,
Malaria1,Flow,,,,,,,Model file,Certain,,Vector-exposed humans (EH1),RateFlow,//@parameters.6,False,Vector exposure of susceptible humans: λV^S * SH (contact with IM).,,,,,
Malaria1,Flow,,,,,,,Model file,Certain,,Non-vector-exposed humans (EH2),RateFlow,//@parameters.8,False,Non-vector exposure of susceptible humans: λH^S * SH (contact with IH).,,,,,
Malaria1,Flow,,,,,,,Model file,Certain,,Vector-exposed humans (EH1),RateFlow,//@parameters.5,False,Vector exposure of vaccinated humans: λV^V * VH (contact with IM).,,,,,
Malaria1,Flow,,,,,,,Model file,Certain,,Non-vector-exposed humans (EH2),RateFlow,//@parameters.7,False,Non-vector exposure of vaccinated humans: λH^V * VH (contact with IH).,,,,,
Malaria1,Flow,,,,,,,Model file,Certain,,Infectious humans (IH),RateFlow,//@parameters.9,False,Progression EH1 -> IH at rate σ1.,,,,,
Malaria1,Flow,,,,,,,Model file,Certain,,Infectious humans (IH),RateFlow,//@parameters.10,False,Progression EH2 -> IH at rate σ2.,,,,,
Malaria1,Flow,,,,,,,Model file,Certain,,Treated humans (TH),RateFlow,//@parameters.12,False,Treatment IH -> TH at rate τ.,,,,,
Malaria1,Flow,,,,,,,Model file,Certain,,Recovered humans (RH),RateFlow,//@parameters.13,False,Recovery TH -> RH at rate γ.,,,,,
Malaria1,Flow,,,,,,,Model file,Certain,,Susceptible humans (SH),RateFlow,//@parameters.4,False,Immunity loss RH -> SH at rate ω.,,,,,
Malaria1,Flow,,,,,,,Model file,Certain,,Exposed mosquitoes (EM),RateFlow,//@parameters.15,False,Mosquito infection: λM * SM (contact with IH).,,,,,
Malaria1,Flow,,,,,,,Model file,Certain,,Infectious mosquitoes (IM),RateFlow,//@parameters.16,False,Progression EM -> IM at rate σM.,,,,,
Malaria1,Parameter,α1,,,,,,Model file,Certain,,,,,,Human birth/recruitment rate (α1),CONSTANT,15129,people/time,,
Malaria1,Parameter,(1-k)*α1,,,,,,Model file,Certain,,,,,,Recruitment into SH,EXPRESSION,(1-k) * α1,people/time,,
Malaria1,Parameter,k*α1,,,,,,Model file,Certain,,,,,,Recruitment into VH,EXPRESSION,k * α1,people/time,,
Malaria1,Parameter,μ1,,,,,,Model file,Certain,,,,,,Natural death rate of humans (μ1),CONSTANT,0.001384,1/time,,
Malaria1,Parameter,ω,,,,,,Model file,Certain,,,,,,Immunity loss rate from RH to SH (ω),CONSTANT,0.98765,1/time,,
Malaria1,Parameter,λV^V,,,,,,Model file,Certain,,,,,,Effective contact rate of vaccinated humans with IM (vector route) (V1 in paper),CONSTANT,0.0,1/time,,
Malaria1,Parameter,λV^S,,,,,,Model file,Certain,,,,,,Effective contact rate of susceptible humans with IM (vector route) (V2 in paper),CONSTANT,0.0,1/time,,
Malaria1,Parameter,λH^V,,,,,,Model file,Certain,,,,,,Effective contact rate of vaccinated humans with IH (non-vector route) (H1 in paper),CONSTANT,0.0,1/time,,
Malaria1,Parameter,λH^S,,,,,,Model file,Certain,,,,,,Effective contact rate of susceptible humans with IH (non-vector route) (H2 in paper),CONSTANT,0.0,1/time,,
Malaria1,Parameter,σ1,,,,,,Model file,Certain,,,,,,Progression EH1 -> IH (σ1 in paper),CONSTANT,0.001995,1/time,,
Malaria1,Parameter,σ2,,,,,,Model file,Certain,,,,,,Progression EH2 -> IH (σ2 in paper),CONSTANT,0.001995,1/time,,
Malaria1,Parameter,δ1,,,,,,Model file,Certain,,,,,,Disease-induced death rate in humans (δ1 in paper),CONSTANT,0.017325,1/time,,
Malaria1,Parameter,τ,,,,,,Model file,Certain,,,,,,Progression IH -> TH (treatment rate τ),CONSTANT,0.0,1/time,,
Malaria1,Parameter,γ,,,,,,Model file,Certain,,,,,,Progression TH -> RH (recovery rate γ),CONSTANT,0.120342,1/time,,
Malaria1,Parameter,α2,,,,,,Model file,Certain,,,,,,Mosquito recruitment rate (α2),CONSTANT,0.0,mosquitoes/time,,
Malaria1,Parameter,λM,,,,,,Model file,Certain,,,,,,Effective contact rate of susceptible mosquitoes with IH (M in paper),CONSTANT,0.0,1/time,,
Malaria1,Parameter,σM,,,,,,Model file,Certain,,,,,,Progression EM -> IM (σM in paper),CONSTANT,0.0,1/time,,
Malaria1,Parameter,μ2,,,,,,Model file,Certain,,,,,,Natural death rate of mosquitoes (μ2),CONSTANT,0.1,1/time,,
Malaria1,Parameter,k,,,,,,Model file,Certain,,,,,,Fraction of newborns vaccinated (k),CONSTANT,0.6,dimensionless,,
Malaria2,Compartment,Susceptible,,9900,False,3.0,RateFlow,Model file,Certain,,,,,,,,,,,
Malaria2,Compartment,TreatedClinicalDisease,,25,False,1.0,RateFlow,Model file,Certain,,,,,,,,,,,
Malaria2,Compartment,UntreatedClinicalDisease,,25,False,1.0,RateFlow,Model file,Certain,,,,,,,,,,,
Malaria2,Compartment,Prophylaxis,,10,False,1.0,RateFlow,Model file,Certain,,,,,,,,,,,
Malaria2,Compartment,AsymptomaticPatentInfection,,30,False,1.0,RateFlow,Model file,Certain,,,,,,,,,,,
Malaria2,Compartment,AsymptomaticSubPatentInfection,,10,False,1.0,RateFlow,Model file,Certain,,,,,,,,,,,
Malaria2,Flow,,,,,,,Model file,Certain,,TreatedClinicalDisease,RateFlow,//@parameters.0,False,Infection of susceptible individuals leading to clinical disease that is successfully treated; derived from phi * lambda and treatment probability f_T in the paper,,,,,
Malaria2,Flow,,,,,,,Model file,Certain,,UntreatedClinicalDisease,RateFlow,//@parameters.1,False,Infection of susceptible individuals leading to untreated clinical disease; derived from phi * lambda and treatment failure probability (1-f_T) in the paper,,,,,
Malaria2,Flow,,,,,,,Model file,Certain,,AsymptomaticPatentInfection,RateFlow,//@parameters.2,False,Infection of susceptible individuals leading directly to asymptomatic patent infection; derived from lambda * (1-phi) in the paper,,,,,
Malaria2,Flow,,,,,,,Model file,Certain,,Prophylaxis,RateFlow,//@parameters.3,False,Successful treatment clears infection and moves the individual into prophylactic protection; corresponds to T -> P with rate r_T in the paper,,,,,
Malaria2,Flow,,,,,,,Model file,Certain,,AsymptomaticPatentInfection,RateFlow,//@parameters.4,False,Untreated clinical disease resolves into patent asymptomatic infection; corresponds to D -> A with rate r_D in the paper,,,,,
Malaria2,Flow,,,,,,,Model file,Certain,,Susceptible,RateFlow,//@parameters.5,False,Loss of prophylactic protection and return to susceptibility; corresponds to P -> S with rate r_P in the paper,,,,,
Malaria2,Flow,,,,,,,Model file,Certain,,AsymptomaticSubPatentInfection,RateFlow,//@parameters.6,False,Patent asymptomatic infection becomes sub-patent; corresponds to A -> U with rate r_A in the paper,,,,,
Malaria2,Flow,,,,,,,Model file,Certain,,Susceptible,RateFlow,//@parameters.7,False,Sub-patent infection clears and individual becomes susceptible again; corresponds to U -> S with rate r_U in the paper,,,,,
Malaria2,Parameter,ClinicalTreatedInfectionRate,,,,,,Model file,Certain,,,,,,Approximate infection-to-treated-clinical transition intensity representing phi * lambda * f_T in the paper,CONSTANT,0.18,,,
Malaria2,Parameter,ClinicalUntreatedInfectionRate,,,,,,Model file,Certain,,,,,,Approximate infection-to-untreated-clinical transition intensity representing phi * lambda * (1-f_T) in the paper,CONSTANT,0.08,,,
Malaria2,Parameter,AsymptomaticInfectionRate,,,,,,Model file,Certain,,,,,,Approximate infection-to-asymptomatic transition intensity representing lambda * (1-phi) in the paper,CONSTANT,0.22,,,
Malaria2,Parameter,TreatmentToProphylaxisRate,,,,,,Model file,Certain,,,,,,Rate r_T from treated clinical disease to prophylaxis,CONSTANT,1.0,,,
Malaria2,Parameter,UntreatedDiseaseResolutionRate,,,,,,Model file,Certain,,,,,,Rate r_D from untreated clinical disease to patent asymptomatic infection,CONSTANT,0.35,,,
Malaria2,Parameter,ProphylaxisLossRate,,,,,,Model file,Certain,,,,,,Rate r_P for loss of prophylactic protection and return to susceptibility,CONSTANT,0.20,,,
Malaria2,Parameter,PatentToSubPatentRate,,,,,,Model file,Certain,,,,,,Rate r_A from patent asymptomatic infection to sub-patent infection,CONSTANT,0.12,,,
Malaria2,Parameter,SubPatentClearanceRate,,,,,,Model file,Certain,,,,,,Rate r_U from sub-patent infection to susceptible,CONSTANT,0.10,,,
Malaria3,Compartment,Susceptible,,9300,False,2.0,RateFlow,Model file,Certain,,,,,,,,,,,
Malaria3,Compartment,SymptomaticInfectious,,120,False,4.0,RateFlow,Model file,Certain,,,,,,,,,,,
Malaria3,Compartment,AsymptomaticPatentInfectious,,250,False,3.0,RateFlow,Model file,Certain,,,,,,,,,,,
Malaria3,Compartment,SubpatentInfectious,,180,False,3.0,RateFlow,Model file,Certain,,,,,,,,,,,
Malaria3,Compartment,TreatedInfectious,,40,False,2.0,RateFlow,Model file,Certain,,,,,,,,,,,
Malaria3,Compartment,ProtectedByProphylaxis,,60,False,1.0,RateFlow,Model file,Certain,,,,,,,,,,,
Malaria3,Compartment,SusceptibleMosquitoes,,30000,False,4.0,RateFlow,Model file,Certain,,,,,,,,,,,
Malaria3,Compartment,ExposedMosquitoes,,80,False,1.0,RateFlow,Model file,Certain,,,,,,,,,,,
Malaria3,Compartment,InfectiousMosquitoes,,50,False,0.0,None,Model file,Certain,,,,,,,,,,,
Malaria3,Flow,,,,,,,Model file,Certain,,SymptomaticInfectious,RateFlow,//@parameters.0,False,New infection of uninfected susceptible humans from infectious mosquito bites; represents force of infection followed by liver-stage progression into symptomatic infection,,,,,
Malaria3,Flow,,,,,,,Model file,Certain,,AsymptomaticPatentInfectious,RateFlow,//@parameters.1,False,New infection of uninfected susceptible humans from infectious mosquito bites leading into asymptomatic patent infection,,,,,
Malaria3,Flow,,,,,,,Model file,Certain,,TreatedInfectious,RateFlow,//@parameters.2,False,Successful or attempted treatment of symptomatic cases moving into treated infectious state T,,,,,
Malaria3,Flow,,,,,,,Model file,Certain,,AsymptomaticPatentInfectious,RateFlow,//@parameters.3,False,Untreated symptomatic infections progress to asymptomatic patent infection A,,,,,
Malaria3,Flow,,,,,,,Model file,Certain,,SymptomaticInfectious,RateFlow,//@parameters.4,False,Superinfection of symptomatic infectious humans from infectious mosquito bites; the paper allows superinfection in infected individuals,,,,,
Malaria3,Flow,,,,,,,Model file,Certain,,AsymptomaticPatentInfectious,RateFlow,//@parameters.5,False,Superinfection of symptomatic infectious humans leading to asymptomatic patent infection under the simplified compmodel abstraction,,,,,
Malaria3,Flow,,,,,,,Model file,Certain,,SubpatentInfectious,RateFlow,//@parameters.6,False,Asymptomatic patent infections progress to subpatent infectious state U,,,,,
Malaria3,Flow,,,,,,,Model file,Certain,,SymptomaticInfectious,RateFlow,//@parameters.4,False,Superinfection of asymptomatic patent infectious humans from infectious mosquito bites leading to symptomatic infection,,,,,
Malaria3,Flow,,,,,,,Model file,Certain,,AsymptomaticPatentInfectious,RateFlow,//@parameters.5,False,Superinfection of asymptomatic patent infectious humans from infectious mosquito bites maintaining patent infection,,,,,
Malaria3,Flow,,,,,,,Model file,Certain,,Susceptible,RateFlow,//@parameters.7,False,Clearance of subpatent infection back to uninfected susceptible state,,,,,
Malaria3,Flow,,,,,,,Model file,Certain,,SymptomaticInfectious,RateFlow,//@parameters.4,False,Superinfection of subpatent infectious humans leading to symptomatic infection,,,,,
Malaria3,Flow,,,,,,,Model file,Certain,,AsymptomaticPatentInfectious,RateFlow,//@parameters.5,False,Superinfection of subpatent infectious humans leading to asymptomatic patent infection,,,,,
Malaria3,Flow,,,,,,,Model file,Certain,,ProtectedByProphylaxis,RateFlow,//@parameters.8,False,Recovery after successful treatment into temporary prophylactic protection P,,,,,
Malaria3,Flow,,,,,,,Model file,Certain,,AsymptomaticPatentInfectious,RateFlow,//@parameters.9,False,"Treatment failure leading to asymptomatic patent infection A, as described in the paper",,,,,
Malaria3,Flow,,,,,,,Model file,Certain,,Susceptible,RateFlow,//@parameters.10,False,Loss of prophylactic protection and return to susceptible uninfected state,,,,,
Malaria3,Flow,,,,,,,Model file,Certain,,ExposedMosquitoes,RateFlow,//@parameters.11,False,"Mosquito infection from symptomatic infectious humans D, who have the highest human-to-mosquito transmission probability in the paper",,,,,
Malaria3,Flow,,,,,,,Model file,Certain,,ExposedMosquitoes,RateFlow,//@parameters.12,False,"Mosquito infection from asymptomatic patent infectious humans A, approximately three-fold less infectious than D in the paper",,,,,
Malaria3,Flow,,,,,,,Model file,Certain,,ExposedMosquitoes,RateFlow,//@parameters.13,False,"Mosquito infection from subpatent infectious humans U, approximately seventeen-fold less infectious than D in the paper",,,,,
Malaria3,Flow,,,,,,,Model file,Certain,,ExposedMosquitoes,RateFlow,//@parameters.14,False,Mosquito infection from treated infectious humans T before parasite clearance; infectivity depends on drug properties and is reduced relative to pre-treatment state,,,,,
Malaria3,Flow,,,,,,,Model file,Certain,,InfectiousMosquitoes,RateFlow,//@parameters.15,False,Progression of infected mosquitoes through the extrinsic incubation period into infectious mosquitoes,,,,,
Malaria3,Parameter,SusceptibleToSymptomaticInfectionRate,,,,,,Model file,Certain,,,,,,Representative force-of-infection term from infectious mosquito bites leading to symptomatic infection after the liver-stage delay,CONSTANT,0.040,,,
Malaria3,Parameter,SusceptibleToAsymptomaticInfectionRate,,,,,,Model file,Certain,,,,,,Representative force-of-infection term from infectious mosquito bites leading to asymptomatic patent infection,CONSTANT,0.030,,,
Malaria3,Parameter,TreatmentRate,,,,,,Model file,Certain,,,,,,Rate at which symptomatic infections receive treatment and move into the treated infectious state T,CONSTANT,0.35,,,
Malaria3,Parameter,SymptomaticToAsymptomaticRate,,,,,,Model file,Certain,,,,,,Progression of untreated symptomatic infections into asymptomatic patent infection A,CONSTANT,0.20,,,
Malaria3,Parameter,SuperinfectionToSymptomaticRate,,,,,,Model file,Certain,,,,,,Superinfection rate for already-infected humans resulting in symptomatic infection,CONSTANT,0.025,,,
Malaria3,Parameter,SuperinfectionToAsymptomaticRate,,,,,,Model file,Certain,,,,,,Superinfection rate for already-infected humans resulting in asymptomatic patent infection,CONSTANT,0.020,,,
Malaria3,Parameter,PatentToSubpatentRate,,,,,,Model file,Certain,,,,,,Progression rate from asymptomatic patent infection A to subpatent infectious state U,CONSTANT,0.10,,,
Malaria3,Parameter,SubpatentClearanceRate,,,,,,Model file,Certain,,,,,,Clearance rate from subpatent infectious state U back to susceptible state S,CONSTANT,0.05,,,
Malaria3,Parameter,TreatmentRecoveryToProtectionRate,,,,,,Model file,Certain,,,,,,Rate of parasite clearance after treatment and movement into prophylactic protection P,CONSTANT,0.25,,,
Malaria3,Parameter,TreatmentFailureRate,,,,,,Model file,Certain,,,,,,Treatment failure rate from T to A; treatment failures enter the asymptomatic state in the paper,CONSTANT,0.05,,,
Malaria3,Parameter,ProtectionLossRate,,,,,,Model file,Certain,,,,,,Loss of post-treatment prophylactic protection and return to susceptible state,CONSTANT,0.08,,,
Malaria3,Parameter,HumanToMosquitoTransmissionRate_D,,,,,,Model file,Certain,,,,,,Mosquito infection rate from symptomatic infectious humans D; highest human-to-mosquito infectivity class,CONSTANT,0.20,,,
Malaria3,Parameter,HumanToMosquitoTransmissionRate_A,,,,,,Model file,Certain,,,,,,Mosquito infection rate from asymptomatic patent infectious humans A; approximately three-fold lower than D,CONSTANT,0.067,,,
Malaria3,Parameter,HumanToMosquitoTransmissionRate_U,,,,,,Model file,Certain,,,,,,Mosquito infection rate from subpatent infectious humans U; approximately seventeen-fold lower than D,CONSTANT,0.012,,,
Malaria3,Parameter,HumanToMosquitoTransmissionRate_T,,,,,,Model file,Certain,,,,,,"Mosquito infection rate from treated infectious humans T before parasite clearance, reduced by treatment",CONSTANT,0.04,,,
Malaria3,Parameter,MosquitoLatentProgressionRate,,,,,,Model file,Certain,,,,,,Progression rate from exposed mosquitoes to infectious mosquitoes in the SEI vector model,CONSTANT,0.10,,,
Measles1,Compartment,Susceptible children,,2142,False,5.0,RateFlow,Model file,Certain,,,,,,,,,,,
Measles1,Compartment,Un-monitored vaccinated children,,2382,False,4.0,RateFlow,Model file,Certain,,,,,,,,,,,
Measles1,Compartment,Monitored vaccinated children,,50,False,1.0,RateFlow,Model file,Certain,,,,,,,,,,,
Measles1,Compartment,Exposed children,,5,False,2.0,RateFlow,Model file,Certain,,,,,,,,,,,
Measles1,Compartment,Infectious children,,2,False,2.0,RateFlow,Model file,Certain,,,,,,,,,,,
Measles1,Compartment,Immune children,,19271,False,1.0,RateFlow,Model file,Certain,,,,,,,,,,,
Measles1,Compartment,Susceptible adults,,6408,False,3.0,RateFlow,Model file,Certain,,,,,,,,,,,
Measles1,Compartment,Un-monitored vaccinated adults,,5703,False,3.0,RateFlow,Model file,Certain,,,,,,,,,,,
Measles1,Compartment,Vaccinated adults (catch-up/monitored),,0,False,1.0,RateFlow,Model file,Certain,,,,,,,,,,,
Measles1,Compartment,Exposed adults,,3,False,1.0,RateFlow,Model file,Certain,,,,,,,,,,,
Measles1,Compartment,Infectious adults,,1,False,1.0,RateFlow,Model file,Certain,,,,,,,,,,,
Measles1,Compartment,Immune adults,,46145,False,0.0,None,Model file,Certain,,,,,,,,,,,
Measles1,Flow,,,,,,,Model file,Certain,,Exposed children,RateFlow,//@parameters.2,False,,,,,,
Measles1,Flow,,,,,,,Model file,Certain,,Exposed children,RateFlow,//@parameters.2,False,,,,,,
Measles1,Flow,,,,,,,Model file,Certain,,Un-monitored vaccinated children,RateFlow,//@parameters.0,False,,,,,,
Measles1,Flow,,,,,,,Model file,Certain,,Monitored vaccinated children,RateFlow,//@parameters.1,False,,,,,,
Measles1,Flow,,,,,,,Model file,Certain,,Susceptible adults,RateFlow,//@parameters.6,False,,,,,,
Measles1,Flow,,,,,,,Model file,Certain,,Exposed children,RateFlow,//@parameters.17,False,,,,,,
Measles1,Flow,,,,,,,Model file,Certain,,Exposed children,RateFlow,//@parameters.17,False,,,,,,
Measles1,Flow,,,,,,,Model file,Certain,,Immune children,RateFlow,//@parameters.9,False,,,,,,
Measles1,Flow,,,,,,,Model file,Certain,,Un-monitored vaccinated adults,RateFlow,//@parameters.6,False,,,,,,
Measles1,Flow,,,,,,,Model file,Certain,,Immune children,RateFlow,//@parameters.10,False,,,,,,
Measles1,Flow,,,,,,,Model file,Certain,,Infectious children,RateFlow,//@parameters.11,False,,,,,,
Measles1,Flow,,,,,,,Model file,Certain,,Exposed adults,RateFlow,//@parameters.6,False,,,,,,
Measles1,Flow,,,,,,,Model file,Certain,,Immune children,RateFlow,//@parameters.5,False,,,,,,
Measles1,Flow,,,,,,,Model file,Certain,,Infectious adults,RateFlow,//@parameters.6,False,,,,,,
Measles1,Flow,,,,,,,Model file,Certain,,Immune adults,RateFlow,//@parameters.6,False,,,,,,
Measles1,Flow,,,,,,,Model file,Certain,,Exposed adults,RateFlow,//@parameters.3,False,,,,,,
Measles1,Flow,,,,,,,Model file,Certain,,Exposed adults,RateFlow,//@parameters.3,False,,,,,,
Measles1,Flow,,,,,,,Model file,Certain,,Vaccinated adults (catch-up/monitored),RateFlow,//@parameters.13,False,,,,,,
Measles1,Flow,,,,,,,Model file,Certain,,Exposed adults,RateFlow,//@parameters.18,False,,,,,,
Measles1,Flow,,,,,,,Model file,Certain,,Exposed adults,RateFlow,//@parameters.18,False,,,,,,
Measles1,Flow,,,,,,,Model file,Certain,,Immune adults,RateFlow,//@parameters.8,False,,,,,,
Measles1,Flow,,,,,,,Model file,Certain,,Immune adults,RateFlow,//@parameters.8,False,,,,,,
Measles1,Flow,,,,,,,Model file,Certain,,Infectious adults,RateFlow,//@parameters.11,False,,,,,,
Measles1,Flow,,,,,,,Model file,Certain,,Immune adults,RateFlow,//@parameters.5,False,,,,,,
Measles1,Parameter,ξU,,,,,,Model file,Certain,,,,,,Un-monitored child vaccination rate (xU),CONSTANT,0.0087,1/week,,
Measles1,Parameter,ξM,,,,,,Model file,Certain,,,,,,Monitored child vaccination rate (xM),CONSTANT,4.77e-5,1/week,,
Measles1,Parameter,βC,,,,,,Model file,Certain,,,,,,Child transmission rate (βC),CONSTANT,0.00188,1/week,,
Measles1,Parameter,βA,,,,,,Model file,Certain,,,,,,Adult transmission rate (βA),CONSTANT,1.00e-5,1/week,,
Measles1,Parameter,m,,,,,,Model file,Certain,,,,,,Natural death rate (m),CONSTANT,2.68e-4,1/week,,
Measles1,Parameter,γ,,,,,,Model file,Certain,,,,,,Recovery-immunity rate after infection (g),CONSTANT,0.5,1/week,,
Measles1,Parameter,φ,,,,,,Model file,Certain,,,,,,Maturation rate child→adult (j),CONSTANT,0.00128,1/week,,
Measles1,Parameter,e,,,,,,Model file,Certain,,,,,,Vaccine failure fraction; vaccine effectiveness is (1-e),CONSTANT,0.2,dimensionless,,
Measles1,Parameter,ηA,,,,,,Model file,Certain,,,,,,Immunization rate for adult vaccinated groups (hA),CONSTANT,0,1/week,,
Measles1,Parameter,ηU,,,,,,Model file,Certain,,,,,,Immunization rate for un-monitored vaccinated children (hU),CONSTANT,3e-6,1/week,,
Measles1,Parameter,ηM,,,,,,Model file,Certain,,,,,,Immunization rate for monitored vaccinated children (hM),CONSTANT,0.0167,1/week,,
Measles1,Parameter,δ,,,,,,Model file,Certain,,,,,,Incubation progression rate E→I (d in paper notation),CONSTANT,0.7,1/week,,
Measles1,Parameter,d,,,,,,Model file,Certain,,,,,,Disease-induced death rate (d),CONSTANT,9.34e-5,1/week,,
Measles1,Parameter,ξA,,,,,,Model file,Certain,,,,,,Adult vaccination rate SA→VA (xA),CONSTANT,0,1/week,,
Measles1,Parameter,α,,,,,,Model file,Certain,,,,,,Contact network fraction a (portion of population in contact network),CONSTANT,0.01253,dimensionless,,
Measles1,Parameter,q,,,,,,Model file,Certain,,,,,,Case reporting fraction (used for incidence: q·δ·E(t)),CONSTANT,0.15,dimensionless,,
Measles1,Parameter,L,,,,,,Model file,Certain,,,,,,Recruitment rate into children susceptible (L),CONSTANT,0.02197,1/week,,
Measles1,Parameter,e * βC,,,,,,Model file,Certain,,,,,,Leak transmission rate for un-monitored vaccinated children,EXPRESSION,e * βC,1/week,,
Measles1,Parameter,e * βA,,,,,,Model file,Certain,,,,,,Leak transmission rate for un-monitored vaccinated adults,EXPRESSION,e * βA,1/week,,
Measles2,Compartment,MaternalProtected,,50,False,1.0,RateFlow,Model file,Certain,,,,,,,,,,,
Measles2,Compartment,Susceptible,,9000,False,2.0,RateFlow,Model file,Certain,,,,,,,,,,,
Measles2,Compartment,VaccinatedOneDose,,700,False,2.0,RateFlow,Model file,Certain,,,,,,,,,,,
Measles2,Compartment,VaccinatedTwoDose,,220,False,2.0,RateFlow,Model file,Certain,,,,,,,,,,,
Measles2,Compartment,Exposed,,10,False,1.0,RateFlow,Model file,Certain,,,,,,,,,,,
Measles2,Compartment,Infectious,,10,False,1.0,RateFlow,Model file,Certain,,,,,,,,,,,
Measles2,Compartment,Recovered,,10,False,0.0,None,Model file,Certain,,,,,,,,,,,
Measles2,Flow,,,,,,,Model file,Certain,,Susceptible,RateFlow,//@parameters.0,False,Loss of maternal immunity; the paper fitted the duration of maternal immunity in the transmission model,,,,,
Measles2,Flow,,,,,,,Model file,Certain,,VaccinatedOneDose,RateFlow,//@parameters.1,False,Receipt of first MMR dose; represents movement into single-dose vaccinated status,,,,,
Measles2,Flow,,,,,,,Model file,Certain,,Exposed,RateFlow,//@parameters.2,False,Primary measles infection in unvaccinated susceptibles,,,,,
Measles2,Flow,,,,,,,Model file,Certain,,VaccinatedTwoDose,RateFlow,//@parameters.3,False,Receipt of second MMR dose; timing of this transition is the main policy lever studied in the paper,,,,,
Measles2,Flow,,,,,,,Model file,Certain,,Exposed,RateFlow,//@parameters.4,False,Breakthrough infection after one vaccine dose; reduced relative to fully susceptible individuals,,,,,
Measles2,Flow,,,,,,,Model file,Certain,,Exposed,RateFlow,//@parameters.5,False,Breakthrough infection after two vaccine doses; much lower than after one dose,,,,,
Measles2,Flow,,,,,,,Model file,Certain,,Susceptible,RateFlow,//@parameters.6,False,Waning of vaccine-induced immunity; included because waning was examined in sensitivity analyses in the paper,,,,,
Measles2,Flow,,,,,,,Model file,Certain,,Infectious,RateFlow,//@parameters.7,False,Progression from exposed to infectious measles,,,,,
Measles2,Flow,,,,,,,Model file,Certain,,Recovered,RateFlow,//@parameters.8,False,Recovery from infectious measles into post-infection immune class,,,,,
Measles2,Parameter,MaternalImmunityLossRate,,,,,,Model file,Certain,,,,,,Representative loss rate of maternal protection; paper fitted duration of maternal immunity in the measles model,CONSTANT,0.167,,,
Measles2,Parameter,MMR1VaccinationRate,,,,,,Model file,Certain,,,,,,"Transition into one-dose vaccinated status; coverage varies by age, region, and scenario in the paper",CONSTANT,0.25,,,
Measles2,Parameter,SusceptibleInfectionRate,,,,,,Model file,Certain,,,,,,Baseline infection rate for susceptible individuals within one representative age-region stratum,CONSTANT,0.80,,,
Measles2,Parameter,MMR2VaccinationRate,,,,,,Model file,Certain,,,,,,Transition into two-dose vaccinated status; changing its timing is central to the paper's scenarios,CONSTANT,0.18,,,
Measles2,Parameter,OneDoseBreakthroughRate,,,,,,Model file,Certain,,,,,,"Reduced infection rate after one vaccine dose, representing imperfect protection and primary vaccine failure",CONSTANT,0.08,,,
Measles2,Parameter,TwoDoseBreakthroughRate,,,,,,Model file,Certain,,,,,,Reduced infection rate after two vaccine doses,CONSTANT,0.01,,,
Measles2,Parameter,VaccineWaningRate,,,,,,Model file,Certain,,,,,,"Slow waning of vaccine-induced immunity, included because the paper evaluates waning sensitivity scenarios",CONSTANT,0.002,,,
Measles2,Parameter,IncubationProgressionRate,,,,,,Model file,Certain,,,,,,Progression from exposed to infectious measles,CONSTANT,0.125,,,
Measles2,Parameter,RecoveryRate,,,,,,Model file,Certain,,,,,,Recovery from infectious measles,CONSTANT,0.143,,,
Measles3,Compartment,MaternalImmunity,,80,False,1.0,RateFlow,Model file,Certain,,,,,,,,,,,
Measles3,Compartment,Susceptible,,9200,False,3.0,RateFlow,Model file,Certain,,,,,,,,,,,
Measles3,Compartment,VaccineFailure,,200,False,1.0,RateFlow,Model file,Certain,,,,,,,,,,,
Measles3,Compartment,Latent,,15,False,1.0,RateFlow,Model file,Certain,,,,,,,,,,,
Measles3,Compartment,Infectious,,10,False,1.0,RateFlow,Model file,Certain,,,,,,,,,,,
Measles3,Compartment,Immune,,495,False,0.0,None,Model file,Certain,,,,,,,,,,,
Measles3,Flow,,,,,,,Model file,Certain,,Susceptible,RateFlow,//@parameters.0,False,Loss of passive maternal antibody protection; corresponds to M -> X in the paper,,,,,
Measles3,Flow,,,,,,,Model file,Certain,,Latent,RateFlow,//@parameters.1,False,Measles infection of susceptible individuals; corresponds to X -> H in the paper,,,,,
Measles3,Flow,,,,,,,Model file,Certain,,Immune,RateFlow,//@parameters.2,False,Effective vaccination of susceptible individuals with long-lasting protection; corresponds to p*vaccination into Z in the paper,,,,,
Measles3,Flow,,,,,,,Model file,Certain,,VaccineFailure,RateFlow,//@parameters.3,False,Vaccine failure among vaccinated susceptibles; corresponds to (1-p)*vaccination into Xv in the paper,,,,,
Measles3,Flow,,,,,,,Model file,Certain,,Latent,RateFlow,//@parameters.4,False,Infection of vaccine-failure individuals who remain unprotected against wild virus; corresponds to Xv -> H in the paper,,,,,
Measles3,Flow,,,,,,,Model file,Certain,,Infectious,RateFlow,//@parameters.5,False,Progression from latent/pre-patent infection to infectious measles; corresponds to H -> Y in the paper,,,,,
Measles3,Flow,,,,,,,Model file,Certain,,Immune,RateFlow,//@parameters.6,False,Recovery from infectious measles and acquisition of lasting immunity; corresponds to Y -> Z in the paper,,,,,
Measles3,Parameter,MaternalImmunityLossRate,,,,,,Model file,Certain,,,,,,"Rate of loss of passive immunity; Table 1 gives mean maternal protection of about 3 months, corresponding to rate 4.0 per year",CONSTANT,4.0,,,
Measles3,Parameter,SusceptibleInfectionRate,,,,,,Model file,Certain,,,,,,Representative force of infection for one age stratum in the realistic age-structured measles model; the paper uses age-specific forces of infection and WAIFW mixing,CONSTANT,0.52,,,
Measles3,Parameter,EffectiveVaccinationRate,,,,,,Model file,Certain,,,,,,"Effective vaccination flow from susceptible to immune, reflecting baseline high coverage and vaccine efficacy in the paper",CONSTANT,0.18,,,
Measles3,Parameter,VaccineFailureRate,,,,,,Model file,Certain,,,,,,"Vaccination flow from susceptible to vaccine-failure class, reflecting imperfect vaccine efficacy in the paper",CONSTANT,0.02,,,
Measles3,Parameter,VaccineFailureInfectionRate,,,,,,Model file,Certain,,,,,,Force of infection for vaccine-failure individuals exposed to wild virus; these individuals follow the same infection course as susceptibles once infected,CONSTANT,0.40,,,
Measles3,Parameter,LatentProgressionRate,,,,,,Model file,Certain,,,,,,"Rate of progression from latent to infectious; Table 1 gives average latent period of 7 days, corresponding to 52.14 per year",CONSTANT,52.14,,,
Measles3,Parameter,RecoveryRate,,,,,,Model file,Certain,,,,,,"Rate of recovery from infectious measles; Table 1 gives average infectious period of 7 days, corresponding to 52.14 per year",CONSTANT,52.14,,,
Tuberculosis1,Compartment,Susceptible,,0,False,2.0,RateFlow,Model file,Certain,,,,,,,,,,,
Tuberculosis1,Compartment,Vaccinated,,0,False,1.0,RateFlow,Model file,Certain,,,,,,,,,,,
Tuberculosis1,Compartment,Infected,,0,False,1.0,RateFlow,Model file,Certain,,,,,,,,,,,
Tuberculosis1,Compartment,Recovered,,0,False,2.0,RateFlow,Model file,Certain,,,,,,,,,,,
Tuberculosis1,Flow,,,,,,,Model file,Certain,,Unknown,RateFlow,parameters.2,False,Primary infection: S→I through contact with I at rate π (incidence term uses S and I),,,,,
Tuberculosis1,Flow,,,,,,,Model file,Certain,,Unknown,RateFlow,parameters.3,False,Vaccination: S→V at rate θ,,,,,
Tuberculosis1,Flow,,,,,,,Model file,Certain,,Unknown,RateFlow,parameters.4,False,Vaccine waning: V→S at rate δ (finite duration of vaccine protection),,,,,
Tuberculosis1,Flow,,,,,,,Model file,Certain,,Unknown,RateFlow,parameters.5,False,Recovery/treatment: I→R at rate γ,,,,,
Tuberculosis1,Flow,,,,,,,Model file,Certain,,Unknown,RateFlow,parameters.8,False,"Reinfection: R→I through contact with I at reduced rate α·π (α is correction in [0,1])",,,,,
Tuberculosis1,Flow,,,,,,,Model file,Certain,,Unknown,RateFlow,parameters.0,False,Waning natural immunity: R→S at rate η (temporary immunity),,,,,
Tuberculosis1,Parameter,η,,,,,,Model file,Certain,,,,,,Immunity waning rate (R→S),CONSTANT,0.027,1/day,,
Tuberculosis1,Parameter,μ,,,,,,Model file,Certain,,,,,,Natural death rate,CONSTANT,0.000051,1/day,,
Tuberculosis1,Parameter,π,,,,,,Model file,Certain,,,,,,Infection rate/probability of successful infection (S→I term),CONSTANT,0.0059,1/day,,
Tuberculosis1,Parameter,θ,,,,,,Model file,Certain,,,,,,Vaccination rate (S→V),CONSTANT,0.085,1/day,,
Tuberculosis1,Parameter,δ,,,,,,Model file,Certain,,,,,,Vaccine waning rate (V→S),CONSTANT,0.00274,1/day,,
Tuberculosis1,Parameter,γ,,,,,,Model file,Certain,,,,,,Recovery rate (I→R),CONSTANT,0.041,1/day,,
Tuberculosis1,Parameter,α,,,,,,Model file,Certain,,,,,,Reinfection correction parameter (range: 0 to 1),CONSTANT,1,dimensionless,,
Tuberculosis1,Parameter,Λ,,,,,,Model file,Certain,,,,,,Recruitment rate into susceptible,CONSTANT,98.7,1/day,,
Tuberculosis1,Parameter,α*π,,,,,,Model file,Certain,,,,,,"Reinfection rate multiplier (α in [0,1])",EXPRESSION,α * π,1/day,,
Tuberculosis2,Compartment,Susceptible,,9900,False,3.0,RateFlow,Model file,Certain,,,,,,,,,,,
Tuberculosis2,Compartment,LatentInfection,,70,False,4.0,RateFlow,Model file,Certain,,,,,,,,,,,
Tuberculosis2,Compartment,InfectiousTuberculosis,,15,False,2.0,RateFlow,Model file,Certain,,,,,,,,,,,
Tuberculosis2,Compartment,NonInfectiousTuberculosis,,10,False,2.0,RateFlow,Model file,Certain,,,,,,,,,,,
Tuberculosis2,Compartment,OnTreatment,,5,False,2.0,RateFlow,Model file,Certain,,,,,,,,,,,
Tuberculosis2,Compartment,TreatmentFailureState,,0,False,2.0,RateFlow,Model file,Certain,,,,,,,,,,,
Tuberculosis2,Compartment,SelfCuredState,,0,False,2.0,RateFlow,Model file,Certain,,,,,,,,,,,
Tuberculosis2,Flow,,,,,,,Model file,Certain,,LatentInfection,RateFlow,//@parameters.0,False,New infection leading to latent tuberculosis infection,,,,,
Tuberculosis2,Flow,,,,,,,Model file,Certain,,InfectiousTuberculosis,RateFlow,//@parameters.1,False,Progressive primary disease after new infection leading to infectious tuberculosis,,,,,
Tuberculosis2,Flow,,,,,,,Model file,Certain,,NonInfectiousTuberculosis,RateFlow,//@parameters.2,False,Progressive primary disease after new infection leading to non-infectious tuberculosis,,,,,
Tuberculosis2,Flow,,,,,,,Model file,Certain,,InfectiousTuberculosis,RateFlow,//@parameters.3,False,Endogenous reactivation from latent infection to infectious tuberculosis,,,,,
Tuberculosis2,Flow,,,,,,,Model file,Certain,,NonInfectiousTuberculosis,RateFlow,//@parameters.4,False,Endogenous reactivation from latent infection to non-infectious tuberculosis,,,,,
Tuberculosis2,Flow,,,,,,,Model file,Certain,,InfectiousTuberculosis,RateFlow,//@parameters.5,False,Exogenous reinfection of latently infected individuals leading to infectious tuberculosis,,,,,
Tuberculosis2,Flow,,,,,,,Model file,Certain,,NonInfectiousTuberculosis,RateFlow,//@parameters.6,False,Exogenous reinfection of latently infected individuals leading to non-infectious tuberculosis,,,,,
Tuberculosis2,Flow,,,,,,,Model file,Certain,,OnTreatment,RateFlow,//@parameters.7,False,Case detection and start of treatment for infectious tuberculosis; this is the main DOTS lever in the paper,,,,,
Tuberculosis2,Flow,,,,,,,Model file,Certain,,SelfCuredState,RateFlow,//@parameters.8,False,Self-cure from infectious tuberculosis; paper notes spontaneous resolution can occur without treatment,,,,,
Tuberculosis2,Flow,,,,,,,Model file,Certain,,OnTreatment,RateFlow,//@parameters.9,False,Case detection and treatment of non-infectious tuberculosis; the paper states a region-specific fraction of non-infectious cases are detected,,,,,
Tuberculosis2,Flow,,,,,,,Model file,Certain,,SelfCuredState,RateFlow,//@parameters.10,False,Self-cure from non-infectious tuberculosis,,,,,
Tuberculosis2,Flow,,,,,,,Model file,Certain,,LatentInfection,RateFlow,//@parameters.11,False,Successful cure after treatment; paper states cured patients remain infected and return to the latent class,,,,,
Tuberculosis2,Flow,,,,,,,Model file,Certain,,TreatmentFailureState,RateFlow,//@parameters.12,False,Treatment failure/default/transfer-out; paper groups these as treatment failure with higher future risk of redevelopment,,,,,
Tuberculosis2,Flow,,,,,,,Model file,Certain,,InfectiousTuberculosis,RateFlow,//@parameters.13,False,Relapse or redevelopment to infectious tuberculosis after treatment failure,,,,,
Tuberculosis2,Flow,,,,,,,Model file,Certain,,NonInfectiousTuberculosis,RateFlow,//@parameters.14,False,Relapse or redevelopment to non-infectious tuberculosis after treatment failure,,,,,
Tuberculosis2,Flow,,,,,,,Model file,Certain,,InfectiousTuberculosis,RateFlow,//@parameters.15,False,Relapse after self-cure to infectious tuberculosis,,,,,
Tuberculosis2,Flow,,,,,,,Model file,Certain,,NonInfectiousTuberculosis,RateFlow,//@parameters.16,False,Relapse after self-cure to non-infectious tuberculosis,,,,,
Tuberculosis2,Parameter,PrimaryInfectionToLatentRate,,,,,,Model file,Certain,,,,,,New infection leading to latent class,CONSTANT,0.18,,,
Tuberculosis2,Parameter,PrimaryInfectionToInfectiousRate,,,,,,Model file,Certain,,,,,,Progressive primary disease to infectious tuberculosis,CONSTANT,0.015,,,
Tuberculosis2,Parameter,PrimaryInfectionToNonInfectiousRate,,,,,,Model file,Certain,,,,,,Progressive primary disease to non-infectious tuberculosis,CONSTANT,0.010,,,
Tuberculosis2,Parameter,LatentReactivationToInfectiousRate,,,,,,Model file,Certain,,,,,,Endogenous reactivation from latent infection to infectious disease,CONSTANT,0.0025,,,
Tuberculosis2,Parameter,LatentReactivationToNonInfectiousRate,,,,,,Model file,Certain,,,,,,Endogenous reactivation from latent infection to non-infectious disease,CONSTANT,0.0015,,,
Tuberculosis2,Parameter,ExogenousReinfectionToInfectiousRate,,,,,,Model file,Certain,,,,,,Reinfection-driven progression from latent infection to infectious disease,CONSTANT,0.006,,,
Tuberculosis2,Parameter,ExogenousReinfectionToNonInfectiousRate,,,,,,Model file,Certain,,,,,,Reinfection-driven progression from latent infection to non-infectious disease,CONSTANT,0.004,,,
Tuberculosis2,Parameter,InfectiousCaseDetectionRate,,,,,,Model file,Certain,,,,,,Representative DOTS case-detection parameter for infectious cases based on WHO target discussed in the paper,CONSTANT,0.70,,,
Tuberculosis2,Parameter,InfectiousSelfCureRate,,,,,,Model file,Certain,,,,,,Self-cure from infectious tuberculosis without treatment,CONSTANT,0.03,,,
Tuberculosis2,Parameter,NonInfectiousCaseDetectionRate,,,,,,Model file,Certain,,,,,,"Detection of non-infectious cases represented as a fraction of infectious case detection, reflecting the paper's region-specific relative detection of non-infectious cases",CONSTANT,0.42,,,
Tuberculosis2,Parameter,NonInfectiousSelfCureRate,,,,,,Model file,Certain,,,,,,Self-cure from non-infectious tuberculosis without treatment,CONSTANT,0.04,,,
Tuberculosis2,Parameter,TreatmentCureRate,,,,,,Model file,Certain,,,,,,"Cure rate under DOTS-like short-course chemotherapy, matching the WHO target emphasized in the paper",CONSTANT,0.85,,,
Tuberculosis2,Parameter,TreatmentFailureRate,,,,,,Model file,Certain,,,,,,Treatment failure / default / transfer-out complementing the DOTS cure target,CONSTANT,0.15,,,
Tuberculosis2,Parameter,FailureRelapseToInfectiousRate,,,,,,Model file,Certain,,,,,,Redevelopment of infectious tuberculosis after treatment failure,CONSTANT,0.06,,,
Tuberculosis2,Parameter,FailureRelapseToNonInfectiousRate,,,,,,Model file,Certain,,,,,,Redevelopment of non-infectious tuberculosis after treatment failure,CONSTANT,0.04,,,
Tuberculosis2,Parameter,SelfCureRelapseToInfectiousRate,,,,,,Model file,Certain,,,,,,Relapse to infectious tuberculosis after self-cure,CONSTANT,0.03,,,
Tuberculosis2,Parameter,SelfCureRelapseToNonInfectiousRate,,,,,,Model file,Certain,,,,,,Relapse to non-infectious tuberculosis after self-cure,CONSTANT,0.02,,,
Tuberculosis3,Compartment,Uninfected,,9000,False,2.0,RateFlow,Model file,Certain,,,,,,,,,,,
Tuberculosis3,Compartment,RecentTBInfection,,500,False,4.0,RateFlow,Model file,Certain,,,,,,,,,,,
Tuberculosis3,Compartment,RemoteTBInfection,,1200,False,5.0,RateFlow,Model file,Certain,,,,,,,,,,,
Tuberculosis3,Compartment,ActiveTBSmearPositive,,120,False,1.0,RateFlow,Model file,Certain,,,,,,,,,,,
Tuberculosis3,Compartment,ActiveTBSmearNegative,,80,False,1.0,RateFlow,Model file,Certain,,,,,,,,,,,
Tuberculosis3,Compartment,ActiveTBExtrapulmonary,,40,False,1.0,RateFlow,Model file,Certain,,,,,,,,,,,
Tuberculosis3,Compartment,RecentlyTreatedRecovered,,60,False,4.0,RateFlow,Model file,Certain,,,,,,,,,,,
Tuberculosis3,Flow,,,,,,,Model file,Certain,,RecentTBInfection,RateFlow,//@parameters.0,False,"Infection of uninfected individuals from smear-positive pulmonary TB, the most infectious compartment in the paper",,,,,
Tuberculosis3,Flow,,,,,,,Model file,Certain,,RecentTBInfection,RateFlow,//@parameters.1,False,Infection of uninfected individuals from smear-negative pulmonary TB at reduced infectiousness,,,,,
Tuberculosis3,Flow,,,,,,,Model file,Certain,,RemoteTBInfection,RateFlow,//@parameters.2,False,"Stabilization of recent infection into remote latent infection after about 2 years, as described in the paper",,,,,
Tuberculosis3,Flow,,,,,,,Model file,Certain,,ActiveTBSmearPositive,RateFlow,//@parameters.3,False,Rapid progression from recent infection to active smear-positive TB,,,,,
Tuberculosis3,Flow,,,,,,,Model file,Certain,,ActiveTBSmearNegative,RateFlow,//@parameters.4,False,Rapid progression from recent infection to active smear-negative TB,,,,,
Tuberculosis3,Flow,,,,,,,Model file,Certain,,ActiveTBExtrapulmonary,RateFlow,//@parameters.5,False,Rapid progression from recent infection to active extrapulmonary TB,,,,,
Tuberculosis3,Flow,,,,,,,Model file,Certain,,RecentTBInfection,RateFlow,//@parameters.6,False,"Re-infection of remote latent TB by infectious smear-positive disease, returning to recent infection",,,,,
Tuberculosis3,Flow,,,,,,,Model file,Certain,,RecentTBInfection,RateFlow,//@parameters.7,False,"Re-infection of remote latent TB by smear-negative pulmonary disease, returning to recent infection",,,,,
Tuberculosis3,Flow,,,,,,,Model file,Certain,,ActiveTBSmearPositive,RateFlow,//@parameters.8,False,Reactivation from remote TB infection to active smear-positive TB,,,,,
Tuberculosis3,Flow,,,,,,,Model file,Certain,,ActiveTBSmearNegative,RateFlow,//@parameters.9,False,Reactivation from remote TB infection to active smear-negative TB,,,,,
Tuberculosis3,Flow,,,,,,,Model file,Certain,,ActiveTBExtrapulmonary,RateFlow,//@parameters.10,False,Reactivation from remote TB infection to active extrapulmonary TB,,,,,
Tuberculosis3,Flow,,,,,,,Model file,Certain,,RecentlyTreatedRecovered,RateFlow,//@parameters.11,False,Diagnosis and treatment or self-cure of smear-positive TB into recently treated/recovered compartment,,,,,
Tuberculosis3,Flow,,,,,,,Model file,Certain,,RecentlyTreatedRecovered,RateFlow,//@parameters.12,False,Diagnosis and treatment or self-cure of smear-negative TB into recently treated/recovered compartment,,,,,
Tuberculosis3,Flow,,,,,,,Model file,Certain,,RecentlyTreatedRecovered,RateFlow,//@parameters.13,False,Diagnosis and treatment of extrapulmonary TB into recently treated/recovered compartment,,,,,
Tuberculosis3,Flow,,,,,,,Model file,Certain,,RemoteTBInfection,RateFlow,//@parameters.14,False,Stabilization after recent treatment/recovery into remote TB infection after about 5 years,,,,,
Tuberculosis3,Flow,,,,,,,Model file,Certain,,ActiveTBSmearPositive,RateFlow,//@parameters.15,False,Relapse from recently treated/recovered into active smear-positive TB,,,,,
Tuberculosis3,Flow,,,,,,,Model file,Certain,,ActiveTBSmearNegative,RateFlow,//@parameters.16,False,Relapse from recently treated/recovered into active smear-negative TB,,,,,
Tuberculosis3,Flow,,,,,,,Model file,Certain,,ActiveTBExtrapulmonary,RateFlow,//@parameters.17,False,Relapse from recently treated/recovered into active extrapulmonary TB,,,,,
Tuberculosis3,Parameter,InfectionRateFromSmearPositive,,,,,,Model file,Certain,,,,,,Representative transmission intensity from smear-positive pulmonary TB; the paper fits transmission to incidence and assumes smear-positive disease is the main infectious class,CONSTANT,0.30,,,
Tuberculosis3,Parameter,InfectionRateFromSmearNegative,,,,,,Model file,Certain,,,,,,"Transmission intensity from smear-negative pulmonary TB, reflecting relative infectiousness of 0.22 compared with smear-positive cases in the paper",CONSTANT,0.066,,,
Tuberculosis3,Parameter,RecentToRemoteStabilizationRate,,,,,,Model file,Certain,,,,,,"Rate of stabilization from recent TB infection to remote TB infection, corresponding to about 2 years",CONSTANT,0.5,,,
Tuberculosis3,Parameter,RapidProgressionToSmearPositiveRate,,,,,,Model file,Certain,,,,,,Rapid progression from recent infection to active smear-positive TB,CONSTANT,0.0455,,,
Tuberculosis3,Parameter,RapidProgressionToSmearNegativeRate,,,,,,Model file,Certain,,,,,,Rapid progression from recent infection to active smear-negative TB,CONSTANT,0.0245,,,
Tuberculosis3,Parameter,RapidProgressionToExtrapulmonaryRate,,,,,,Model file,Certain,,,,,,Rapid progression from recent infection to active extrapulmonary TB,CONSTANT,0.0105,,,
Tuberculosis3,Parameter,ReinfectionRateFromSmearPositive,,,,,,Model file,Certain,,,,,,"Re-infection of remote latent TB by smear-positive pulmonary disease, returning to recent infection",CONSTANT,0.18,,,
Tuberculosis3,Parameter,ReinfectionRateFromSmearNegative,,,,,,Model file,Certain,,,,,,"Re-infection of remote latent TB by smear-negative pulmonary disease, returning to recent infection",CONSTANT,0.04,,,
Tuberculosis3,Parameter,RemoteReactivationToSmearPositiveRate,,,,,,Model file,Certain,,,,,,Slow progression / reactivation from remote TB infection to smear-positive disease,CONSTANT,0.000325,,,
Tuberculosis3,Parameter,RemoteReactivationToSmearNegativeRate,,,,,,Model file,Certain,,,,,,Slow progression / reactivation from remote TB infection to smear-negative disease,CONSTANT,0.000175,,,
Tuberculosis3,Parameter,RemoteReactivationToExtrapulmonaryRate,,,,,,Model file,Certain,,,,,,Slow progression / reactivation from remote TB infection to extrapulmonary disease,CONSTANT,0.000100,,,
Tuberculosis3,Parameter,TreatmentOrSelfCureRateSmearPositive,,,,,,Model file,Certain,,,,,,Net rate of leaving active smear-positive TB through diagnosis and treatment or self-cure in the paper's compartmental abstraction,CONSTANT,0.95,,,
Tuberculosis3,Parameter,TreatmentOrSelfCureRateSmearNegative,,,,,,Model file,Certain,,,,,,Net rate of leaving active smear-negative TB through diagnosis and treatment or self-cure,CONSTANT,0.43,,,
Tuberculosis3,Parameter,TreatmentOrSelfCureRateExtrapulmonary,,,,,,Model file,Certain,,,,,,Net rate of leaving active extrapulmonary TB through diagnosis and treatment,CONSTANT,0.77,,,
Tuberculosis3,Parameter,RecoveredToRemoteStabilizationRate,,,,,,Model file,Certain,,,,,,Stabilization of recently treated/recovered individuals into remote TB infection after about 5 years,CONSTANT,0.2,,,
Tuberculosis3,Parameter,RelapseToSmearPositiveRate,,,,,,Model file,Certain,,,,,,Relapse from recently treated/recovered into active smear-positive TB,CONSTANT,0.012,,,
Tuberculosis3,Parameter,RelapseToSmearNegativeRate,,,,,,Model file,Certain,,,,,,Relapse from recently treated/recovered into active smear-negative TB,CONSTANT,0.008,,,
Tuberculosis3,Parameter,RelapseToExtrapulmonaryRate,,,,,,Model file,Certain,,,,,,Relapse from recently treated/recovered into active extrapulmonary TB,CONSTANT,0.004,,,
Zika1,Compartment,Susceptible humans,,16231364,False,1.0,RateFlow,Model file,Certain,,,,,,,,,,,
Zika1,Compartment,Exposed humans,,0,False,1.0,RateFlow,Model file,Certain,,,,,,,,,,,
Zika1,Compartment,Infectious humans,,1,False,1.0,RateFlow,Model file,Certain,,,,,,,,,,,
Zika1,Compartment,Recovered humans,,0,False,0.0,None,Model file,Certain,,,,,,,,,,,
Zika1,Compartment,Eggs (non-infectious),,180000000,False,1.0,RateFlow,Model file,Certain,,,,,,,,,,,
Zika1,Compartment,"Larvae (non-infectious, logistic)",,90000000,False,1.0,RateFlow,Model file,Certain,,,,,,,,,,,
Zika1,Compartment,Pupae (non-infectious),,70000000,False,1.0,RateFlow,Model file,Certain,,,,,,,,,,,
Zika1,Compartment,Susceptible female adults,,69999990,False,1.0,RateFlow,Model file,Certain,,,,,,,,,,,
Zika1,Compartment,Exposed female adults,,5,False,1.0,RateFlow,Model file,Certain,,,,,,,,,,,
Zika1,Compartment,Infectious female adults,,5,False,0.0,None,Model file,Certain,,,,,,,,,,,
Zika1,Flow,,,,,,,Model file,Certain,,Unknown,RateFlow,0.0,False,Human infection via bites from infectious female adult vectors,,,,,
Zika1,Flow,,,,,,,Model file,Certain,,Unknown,RateFlow,0.0,False,Human incubation: Eh→Ih at rate 1/τ_h,,,,,
Zika1,Flow,,,,,,,Model file,Certain,,Unknown,RateFlow,0.0,False,Human recovery: Ih→Rh at rate γ_h,,,,,
Zika1,Flow,,,,,,,Model file,Certain,,Unknown,RateFlow,0.0,False,Egg development: E→L at rate 1/τ1_v,,,,,
Zika1,Flow,,,,,,,Model file,Certain,,Unknown,RateFlow,0.0,False,Larval development: L→P at rate 1/τ2_v,,,,,
Zika1,Flow,,,,,,,Model file,Certain,,Unknown,RateFlow,0.0,False,Pupal development: P→Sv at rate φ*(1/τ3_v) (female fraction applied),,,,,
Zika1,Flow,,,,,,,Model file,Certain,,Unknown,RateFlow,0.0,False,Vector infection via biting infectious humans: Sv→Ev,,,,,
Zika1,Flow,,,,,,,Model file,Certain,,Unknown,RateFlow,0.0,False,Vector incubation: Ev→Iv at rate 1/τ_v,,,,,
Zika1,Parameter,b,,,,,,Model file,Certain,,,,,,Average biting rate / infectious bites delivered per vector per day (human exposure term),CONSTANT,0.071,1/day,,
Zika1,Parameter,1/τ_h,,,,,,Model file,Certain,,,,,,Inverse incubation time in humans,CONSTANT,0.5,1/day,,
Zika1,Parameter,γ_h,,,,,,Model file,Certain,,,,,,Human recovery rate,CONSTANT,0.2,1/day,,
Zika1,Parameter,1/τ1_v,,,,,,Model file,Certain,,,,,,Egg development rate,CONSTANT,0.3,1/day,,
Zika1,Parameter,1/τ2_v,,,,,,Model file,Certain,,,,,,Larval development rate,CONSTANT,0.1,1/day,,
Zika1,Parameter,1/τ3_v,,,,,,Model file,Certain,,,,,,Pupal development rate,CONSTANT,0.3,1/day,,
Zika1,Parameter,b_v,,,,,,Model file,Certain,,,,,,Biting/exposure term for vectors becoming infected from infectious humans,CONSTANT,0.001,1/day,,
Zika1,Parameter,1/τ_v,,,,,,Model file,Certain,,,,,,Inverse incubation time in vectors,CONSTANT,0.125,1/day,,
Zika1,Parameter,r_h,,,,,,Model file,Certain,,,,,,Human population growth rate (logistic),CONSTANT,0.00005,1/day,,
Zika1,Parameter,μ_h,,,,,,Model file,Certain,,,,,,Natural human mortality rate,CONSTANT,1.94e-5,1/day,,
Zika1,Parameter,f,,,,,,Model file,Certain,,,,,,Eggs laid per female mosquito per unit time,CONSTANT,80,1/day,,
Zika1,Parameter,μ1_v,,,,,,Model file,Certain,,,,,,Egg mortality rate,CONSTANT,0.05,1/day,,
Zika1,Parameter,μ2_v,,,,,,Model file,Certain,,,,,,Larval base mortality rate,CONSTANT,0.025,1/day,,
Zika1,Parameter,δ_l,,,,,,Model file,Certain,,,,,,Larval density-dependent mortality coefficient (logistic term),CONSTANT,1,1/day,,
Zika1,Parameter,μ3_v,,,,,,Model file,Certain,,,,,,Pupal mortality rate,CONSTANT,0.0025,1/day,,
Zika1,Parameter,μ_a_v,,,,,,Model file,Certain,,,,,,Adult female mortality rate,CONSTANT,0.05,1/day,,
Zika1,Parameter,φ,,,,,,Model file,Certain,,,,,,Female fraction among adult vectors,CONSTANT,0.68,dimensionless,,
Zika1,Parameter,φ*(1/τ3_v),,,,,,Model file,Certain,,,,,,Female pupae-to-adult development flow multiplier,EXPRESSION,φ * (1/τ3_v),1/day,,
Zika1,Parameter,HumanLogisticTerm,,,,,,Model file,Certain,,,,,,"Logistic human population growth term (distributed across Sh,Eh,Ih,Rh proportionally)",EXPRESSION,r_h * N_h * (1 - N_h / K_h),1/day,,
Zika2,Compartment,SusceptibleWomen,,5000,False,4.0,RateFlow,Model file,Certain,,,,,,,,,,,
Zika2,Compartment,ExposedWomen,,5,False,2.0,RateFlow,Model file,Certain,,,,,,,,,,,
Zika2,Compartment,InfectiousWomenSymptomaticBlood,,2,False,1.0,RateFlow,Model file,Certain,,,,,,,,,,,
Zika2,Compartment,InfectiousWomenAsymptomaticBlood,,2,False,1.0,RateFlow,Model file,Certain,,,,,,,,,,,
Zika2,Compartment,InfectiousWomenGenitalPersistence,,0,False,1.0,RateFlow,Model file,Certain,,,,,,,,,,,
Zika2,Compartment,RecoveredWomen,,0,False,0.0,None,Model file,Certain,,,,,,,,,,,
Zika2,Compartment,SusceptibleMen,,5000,False,4.0,RateFlow,Model file,Certain,,,,,,,,,,,
Zika2,Compartment,ExposedMen,,5,False,2.0,RateFlow,Model file,Certain,,,,,,,,,,,
Zika2,Compartment,InfectiousMenSymptomaticBlood,,2,False,1.0,RateFlow,Model file,Certain,,,,,,,,,,,
Zika2,Compartment,InfectiousMenAsymptomaticBlood,,2,False,1.0,RateFlow,Model file,Certain,,,,,,,,,,,
Zika2,Compartment,InfectiousMenSemenPersistence,,0,False,1.0,RateFlow,Model file,Certain,,,,,,,,,,,
Zika2,Compartment,RecoveredMen,,0,False,0.0,None,Model file,Certain,,,,,,,,,,,
Zika2,Compartment,SusceptibleMosquitoes,,15000,False,4.0,RateFlow,Model file,Certain,,,,,,,,,,,
Zika2,Compartment,ExposedMosquitoes,,10,False,1.0,RateFlow,Model file,Certain,,,,,,,,,,,
Zika2,Compartment,InfectiousMosquitoes,,5,False,0.0,None,Model file,Certain,,,,,,,,,,,
Zika2,Flow,,,,,,,Model file,Certain,,ExposedWomen,RateFlow,//@parameters.0,False,Women exposed through bites from infectious mosquitoes; corresponds to beta_vh * Sw * Iv,,,,,
Zika2,Flow,,,,,,,Model file,Certain,,ExposedWomen,RateFlow,//@parameters.1,False,Women exposed by sexual contact with asymptomatic infectious men; corresponds to beta_mw * rho * Sw * Ima,,,,,
Zika2,Flow,,,,,,,Model file,Certain,,ExposedWomen,RateFlow,//@parameters.1,False,Women exposed by sexual contact with symptomatic infectious men; corresponds to beta_mw * rho * Sw * Ims,,,,,
Zika2,Flow,,,,,,,Model file,Certain,,ExposedWomen,RateFlow,//@parameters.1,False,Women exposed by sexual contact with men infectious through semen persistence; corresponds to beta_mw * rho * Sw * Im,,,,,
Zika2,Flow,,,,,,,Model file,Certain,,InfectiousWomenSymptomaticBlood,RateFlow,//@parameters.2,False,Progression of exposed women to symptomatic infectious women; corresponds to phi * lambda_h * Ew,,,,,
Zika2,Flow,,,,,,,Model file,Certain,,InfectiousWomenAsymptomaticBlood,RateFlow,//@parameters.3,False,Progression of exposed women to asymptomatic infectious women; corresponds to (1-phi) * lambda_h * Ew,,,,,
Zika2,Flow,,,,,,,Model file,Certain,,InfectiousWomenGenitalPersistence,RateFlow,//@parameters.4,False,Clearance of virus from blood in symptomatic women into genital-fluid persistence class; corresponds to gamma_1 * Iws,,,,,
Zika2,Flow,,,,,,,Model file,Certain,,InfectiousWomenGenitalPersistence,RateFlow,//@parameters.4,False,Clearance of virus from blood in asymptomatic women into genital-fluid persistence class; corresponds to gamma_1 * Iwa,,,,,
Zika2,Flow,,,,,,,Model file,Certain,,RecoveredWomen,RateFlow,//@parameters.5,False,Clearance of virus from vaginal fluids and recovery of women; corresponds to gamma_3 * Iw,,,,,
Zika2,Flow,,,,,,,Model file,Certain,,ExposedMen,RateFlow,//@parameters.0,False,Men exposed through bites from infectious mosquitoes; corresponds to beta_vh * Sm * Iv,,,,,
Zika2,Flow,,,,,,,Model file,Certain,,ExposedMen,RateFlow,//@parameters.6,False,Men exposed by sexual contact with asymptomatic infectious women; corresponds to beta_wm * rho * Sm * Iwa,,,,,
Zika2,Flow,,,,,,,Model file,Certain,,ExposedMen,RateFlow,//@parameters.6,False,Men exposed by sexual contact with symptomatic infectious women; corresponds to beta_wm * rho * Sm * Iws,,,,,
Zika2,Flow,,,,,,,Model file,Certain,,ExposedMen,RateFlow,//@parameters.6,False,Men exposed by sexual contact with women infectious through vaginal-fluid persistence; corresponds to beta_wm * rho * Sm * Iw,,,,,
Zika2,Flow,,,,,,,Model file,Certain,,InfectiousMenSymptomaticBlood,RateFlow,//@parameters.2,False,Progression of exposed men to symptomatic infectious men; corresponds to phi * lambda_h * Em,,,,,
Zika2,Flow,,,,,,,Model file,Certain,,InfectiousMenAsymptomaticBlood,RateFlow,//@parameters.3,False,Progression of exposed men to asymptomatic infectious men; corresponds to (1-phi) * lambda_h * Em,,,,,
Zika2,Flow,,,,,,,Model file,Certain,,InfectiousMenSemenPersistence,RateFlow,//@parameters.4,False,Clearance of virus from blood in symptomatic men into semen-persistence class; corresponds to gamma_1 * Ims,,,,,
Zika2,Flow,,,,,,,Model file,Certain,,InfectiousMenSemenPersistence,RateFlow,//@parameters.4,False,Clearance of virus from blood in asymptomatic men into semen-persistence class; corresponds to gamma_1 * Ima,,,,,
Zika2,Flow,,,,,,,Model file,Certain,,RecoveredMen,RateFlow,//@parameters.7,False,Clearance of virus from semen and recovery of men; corresponds to gamma_2 * Im,,,,,
Zika2,Flow,,,,,,,Model file,Certain,,ExposedMosquitoes,RateFlow,//@parameters.8,False,Mosquito infection from symptomatic infectious men with virus in blood; part of beta_hv * Sv * (Ims + Ima + Iws + Iwa),,,,,
Zika2,Flow,,,,,,,Model file,Certain,,ExposedMosquitoes,RateFlow,//@parameters.8,False,Mosquito infection from asymptomatic infectious men with virus in blood,,,,,
Zika2,Flow,,,,,,,Model file,Certain,,ExposedMosquitoes,RateFlow,//@parameters.8,False,Mosquito infection from symptomatic infectious women with virus in blood,,,,,
Zika2,Flow,,,,,,,Model file,Certain,,ExposedMosquitoes,RateFlow,//@parameters.8,False,Mosquito infection from asymptomatic infectious women with virus in blood,,,,,
Zika2,Flow,,,,,,,Model file,Certain,,InfectiousMosquitoes,RateFlow,//@parameters.9,False,Progression of exposed mosquitoes to infectious mosquitoes; corresponds to lambda_v * Ev,,,,,
Zika2,Parameter,MosquitoToHumanTransmissionRate,,,,,,Model file,Certain,,,,,,"beta_vh, transmission rate from infectious mosquitoes to humans",CONSTANT,0.18,,,
Zika2,Parameter,MenToWomenSexualTransmissionRate,,,,,,Model file,Certain,,,,,,"beta_mw times risky-contact factor rho, transmission rate from infectious men to susceptible women through sexual contact",CONSTANT,0.04,,,
Zika2,Parameter,SymptomaticHumanProgressionRate,,,,,,Model file,Certain,,,,,,"phi * lambda_h, progression from exposed humans to symptomatic infectious humans",CONSTANT,0.0235,,,
Zika2,Parameter,AsymptomaticHumanProgressionRate,,,,,,Model file,Certain,,,,,,"(1-phi) * lambda_h, progression from exposed humans to asymptomatic infectious humans",CONSTANT,0.1235,,,
Zika2,Parameter,BloodClearanceRate,,,,,,Model file,Certain,,,,,,"gamma_1, clearance rate of virus from blood in infectious humans",CONSTANT,0.0667,,,
Zika2,Parameter,WomenGenitalClearanceRate,,,,,,Model file,Certain,,,,,,"gamma_3, clearance rate of virus from vaginal secretions",CONSTANT,0.10,,,
Zika2,Parameter,WomenToMenSexualTransmissionRate,,,,,,Model file,Certain,,,,,,"beta_wm times risky-contact factor rho, transmission rate from infectious women to susceptible men through sexual contact",CONSTANT,0.02,,,
Zika2,Parameter,MenGenitalClearanceRate,,,,,,Model file,Certain,,,,,,"gamma_2, clearance rate of virus from semen",CONSTANT,0.05,,,
Zika2,Parameter,HumanToMosquitoTransmissionRate,,,,,,Model file,Certain,,,,,,"beta_hv, transmission rate from infectious humans with virus in blood to susceptible mosquitoes",CONSTANT,0.22,,,
Zika2,Parameter,MosquitoLatentProgressionRate,,,,,,Model file,Certain,,,,,,"lambda_v, progression rate from exposed mosquitoes to infectious mosquitoes",CONSTANT,0.10,,,
Zika3,Compartment,SusceptibleHumans,,9900,False,1.0,RateFlow,Model file,Certain,,,,,,,,,,,
Zika3,Compartment,ExposedHumans,,50,False,1.0,RateFlow,Model file,Certain,,,,,,,,,,,
Zika3,Compartment,InfectiousHumans,,50,False,1.0,RateFlow,Model file,Certain,,,,,,,,,,,
Zika3,Compartment,RecoveredHumans,,0,False,0.0,None,Model file,Certain,,,,,,,,,,,
Zika3,Compartment,SusceptibleMosquitoes,,20000,False,1.0,RateFlow,Model file,Certain,,,,,,,,,,,
Zika3,Compartment,ExposedMosquitoes,,100,False,1.0,RateFlow,Model file,Certain,,,,,,,,,,,
Zika3,Compartment,InfectiousMosquitoes,,20,False,0.0,None,Model file,Certain,,,,,,,,,,,
Zika3,Flow,,,,,,,Model file,Certain,,ExposedHumans,RateFlow,//@parameters.0,False,Vector-to-human transmission; corresponds to beta_H * S_H * I_V in Equation (1),,,,,
Zika3,Flow,,,,,,,Model file,Certain,,InfectiousHumans,RateFlow,//@parameters.1,False,Progression through intrinsic incubation period; corresponds to alpha_H * E_H in Equations (2) and (3),,,,,
Zika3,Flow,,,,,,,Model file,Certain,,RecoveredHumans,RateFlow,//@parameters.2,False,Recovery of infectious humans; corresponds to gamma * I_H in Equations (3) and (4),,,,,
Zika3,Flow,,,,,,,Model file,Certain,,ExposedMosquitoes,RateFlow,//@parameters.3,False,Human-to-vector transmission; corresponds to beta_V * S_V * I_H / N in Equation (6),,,,,
Zika3,Flow,,,,,,,Model file,Certain,,InfectiousMosquitoes,RateFlow,//@parameters.4,False,Progression through extrinsic incubation period; corresponds to alpha_V * E_V in Equations (7) and (8),,,,,
Zika3,Parameter,VectorToHumanTransmissionRate,,,,,,Model file,Certain,,,,,,"beta_H, transmission rate from infectious mosquitoes to susceptible humans, as defined in the paper",CONSTANT,0.45,,,
Zika3,Parameter,HumanLatentProgressionRate,,,,,,Model file,Certain,,,,,,"alpha_H, progression rate from exposed to infectious in humans; mean latent period about 5.9 days in the paper",CONSTANT,0.169,,,
Zika3,Parameter,HumanRecoveryRate,,,,,,Model file,Certain,,,,,,"gamma, recovery rate of infectious humans; mean infectious period about 5 days in the paper",CONSTANT,0.20,,,
Zika3,Parameter,HumanToVectorTransmissionRate,,,,,,Model file,Certain,,,,,,"beta_V, transmission rate from infectious humans to susceptible mosquitoes, as defined in the paper",CONSTANT,0.40,,,
Zika3,Parameter,MosquitoLatentProgressionRate,,,,,,Model file,Certain,,,,,,"alpha_V, progression rate from exposed to infectious in mosquitoes; mean extrinsic incubation period about 10.5 days in the paper",CONSTANT,0.095,,,
Zika3,Parameter,MosquitoDeathRate,,,,,,Model file,Certain,,,,,,"delta, mosquito death rate; mean mosquito lifespan about 7.8 days in the paper",CONSTANT,0.128,,,
Zika3,Parameter,ReportingProportion,,,,,,Model file,Certain,,,,,,"r, representative proportion of total infections reported as suspected cases across regions, included for semantic fidelity to the inference model",CONSTANT,0.115,,,
Zika3,Parameter,ReportingDispersion,,,,,,Model file,Certain,,,,,,"phi, reporting dispersion parameter used in the negative-binomial observation model",CONSTANT,0.30,,,
